#define NOP RO|II|CE|ME, FF, AO, BO, FF, AI, BI, FF, FF, FF, FF, FF, FF, FF, FF, FF
#define Out RO|II|CE|ME, AO|BI, FF, IO|AI|FI, BO|AI, IO|AO, FF|II|IC, 0, 0, 0, 0, 0, 0, 0, 0, 0
#define INT_T0 RO|II|CE|ME, FF|FI, IO|AI|IC, 0, 0, 0, 0, 0, 0, 0, 0, 0, 0, 0, 0, 0
#define INT_T1 RO|II|CE|ME, FF|FI, FF|AI|IC, 0, 0, 0, 0, 0, 0, 0, 0, 0, 0, 0, 0, 0
#define INK_K0 RO|II|CE|ME, FF|FI, IO|BI, BO|AI|IC, 0, 0, 0, 0, 0, 0, 0, 0, 0, 0, 0, 0
#define INK_K1 RO|II|CE|ME, FF|FI, FF|AI|IC, 0, 0, 0, 0, 0, 0, 0, 0, 0, 0, 0, 0, 0
#define WINx00x0xx RO|II|CE|ME, FF|BI|FI|IC, 0, 0, COH|AI, EO|CIH|MIH|IC, 0, 0, 0, 0, 0, 0, 0, 0, 0, 0
#define WINx00x1xx RO|II|CE|ME, FF|BI|FI|IC, 0, 0, FF|IC, 0, 0, 0, 0, 0, 0, 0, 0, 0, 0, 0
#define WINx01x0xx RO|II|CE|ME, FF|BI|FI|IC, 0, 0, COH|AI, EO|CIH|MIH|IC, 0, 0, 0, 0, 0, 0, 0, 0, 0, 0
#define WINx01x1xx RO|II|CE|ME, FF|BI|FI|IC, 0, 0, FF|IC, 0, 0, 0, 0, 0, 0, 0, 0, 0, 0, 0
#define WINx10x0xx RO|II|CE|ME, FF|BI|FI|IC, 0, 0, COH|AI, EO|CIH|MIH|IC, 0, 0, 0, 0, 0, 0, 0, 0, 0, 0
#define WINx10x1xx RO|II|CE|ME, FF|BI|FI|IC, 0, 0, FF|IC, 0, 0, 0, 0, 0, 0, 0, 0, 0, 0, 0
#define WINx11x0xx RO|II|CE|ME, FF|BI|FI, COL|AI, EO|FI|CIL|MIL, COH|AI, EO|CIH|MIH|IC, 0, 0, 0, 0, 0, 0, 0, 0, 0, 0
#define WINx11x1xx RO|II|CE|ME, FF|BI|FI, COL|AI, EO|FI|CIL|MIL, FF|IC, 0, 0, 0, 0, 0, 0, 0, 0, 0, 0, 0
#define LL0 RO|II|CE|ME, FF|IC, 0, 0, 0, 0, 0, 0, 0, 0, 0, 0, 0, 0, 0, 0
#define LL1 RO|II|CE|ME, AO|BI, EO|FI|AI|IC, 0, 0, 0, 0, 0, 0, 0, 0, 0, 0, 0, 0, 0
#define LL2 RO|II|CE|ME, AO|BI, EO|AI|BI, EO|FI|AI|IC, 0, 0, 0, 0, 0, 0, 0, 0, 0, 0, 0, 0
#define LL3 RO|II|CE|ME, AO|BI, EO|AI|BI, EO|AI|BI, EO|FI|AI|IC, 0, 0, 0, 0, 0, 0, 0, 0, 0, 0, 0
#define LL4 RO|II|CE|ME, AO|BI, EO|AI|BI, EO|AI|BI, EO|AI|BI, EO|FI|AI|IC, 0, 0, 0, 0, 0, 0, 0, 0, 0, 0
#define LL5 RO|II|CE|ME, AO|BI, EO|AI|BI, EO|AI|BI, EO|AI|BI, EO|AI|BI, EO|FI|AI|IC, 0, 0, 0, 0, 0, 0, 0, 0, 0
#define LL6 RO|II|CE|ME, AO|BI, EO|AI|BI, EO|AI|BI, EO|AI|BI, EO|AI|BI, EO|AI|BI, EO|FI|AI|IC, 0, 0, 0, 0, 0, 0, 0, 0
#define LL7 RO|II|CE|ME, AO|BI, EO|AI|BI, EO|AI|BI, EO|AI|BI, EO|AI|BI, EO|AI|BI, EO|AI|BI, EO|FI|AI|IC, 0, 0, 0, 0, 0, 0, 0
#define RL0 RO|II|CE|ME, FF|IC, 0, 0, 0, 0, 0, 0, 0, 0, 0, 0, 0, 0, 0, 0
#define RL1_C0 RO|II|CE|ME, AO|BI, EO|FI|AI|IC, 0, 0, 0, 0, 0, 0, 0, 0, 0, 0, 0, 0, 0
#define RL1_C1 RO|II|CE|ME, AO|BI, EO|EC|FI|AI|IC, 0, 0, 0, 0, 0, 0, 0, 0, 0, 0, 0, 0, 0
#define RL2_C0 RO|II|CE|ME, AO|BI, EO|FI|AI|BI, EO|FI|AI|BI|IC, 0, 0, 0, 0, 0, 0, 0, 0, 0, 0, 0, 0
#define RL2_C1 RO|II|CE|ME, AO|BI, EO|EC|FI|AI|BI, EO|EC|FI|AI|BI|IC, 0, 0, 0, 0, 0, 0, 0, 0, 0, 0, 0, 0
#define RL3_C0 RO|II|CE|ME, AO|BI, EO|FI|AI|BI, EO|FI|AI|BI, EO|FI|AI|BI|IC, 0, 0, 0, 0, 0, 0, 0, 0, 0, 0, 0
#define RL3_C1 RO|II|CE|ME, AO|BI, EO|EC|FI|AI|BI, EO|EC|FI|AI|BI, EO|EC|FI|AI|BI|IC, 0, 0, 0, 0, 0, 0, 0, 0, 0, 0, 0
#define RL4_C0 RO|II|CE|ME, AO|BI, EO|FI|AI|BI, EO|FI|AI|BI, EO|FI|AI|BI, EO|FI|AI|BI|IC, 0, 0, 0, 0, 0, 0, 0, 0, 0, 0
#define RL4_C1 RO|II|CE|ME, AO|BI, EO|EC|FI|AI|BI, EO|EC|FI|AI|BI, EO|EC|FI|AI|BI, EO|EC|FI|AI|BI|IC, 0, 0, 0, 0, 0, 0, 0, 0, 0, 0
#define RL5_C0 RO|II|CE|ME, AO|BI, EO|FI|AI|BI, EO|FI|AI|BI, EO|FI|AI|BI, EO|FI|AI|BI, EO|FI|AI|BI|IC, 0, 0, 0, 0, 0, 0, 0, 0, 0
#define RL5_C1 RO|II|CE|ME, AO|BI, EO|EC|FI|AI|BI, EO|EC|FI|AI|BI, EO|EC|FI|AI|BI, EO|EC|FI|AI|BI, EO|EC|FI|AI|BI|IC, 0, 0, 0, 0, 0, 0, 0, 0, 0
#define RL6_C0 RO|II|CE|ME, AO|BI, EO|FI|AI|BI, EO|FI|AI|BI, EO|FI|AI|BI, EO|FI|AI|BI, EO|FI|AI|BI, EO|FI|AI|BI|IC, 0, 0, 0, 0, 0, 0, 0, 0
#define RL6_C1 RO|II|CE|ME, AO|BI, EO|EC|FI|AI|BI, EO|EC|FI|AI|BI, EO|EC|FI|AI|BI, EO|EC|FI|AI|BI, EO|EC|FI|AI|BI, EO|EC|FI|AI|BI|IC, 0, 0, 0, 0, 0, 0, 0, 0
#define RL7_C0 RO|II|CE|ME, AO|BI, EO|FI|AI|BI, EO|FI|AI|BI, EO|FI|AI|BI, EO|FI|AI|BI, EO|FI|AI|BI, EO|FI|AI|BI, EO|FI|AI|BI|IC, 0, 0, 0, 0, 0, 0, 0
#define RL7_C1 RO|II|CE|ME, AO|BI, EO|EC|FI|AI|BI, EO|EC|FI|AI|BI, EO|EC|FI|AI|BI, EO|EC|FI|AI|BI, EO|EC|FI|AI|BI, EO|EC|FI|AI|BI, EO|EC|FI|AI|BI|IC, 0, 0, 0, 0, 0, 0, 0
#define RR1_C0 RO|II|CE|ME, AO|BI, EO|FI|AI|BI, EO|FI|AI|BI, EO|FI|AI|BI, EO|FI|AI|BI, EO|FI|AI|BI, EO|FI|AI|BI, EO|FI|AI|BI, EO|FI|AI|BI|IC, 0, 0, 0, 0, 0, 0
#define RR1_C1 RO|II|CE|ME, AO|BI, EO|EC|FI|AI|BI, EO|EC|FI|AI|BI, EO|EC|FI|AI|BI, EO|EC|FI|AI|BI, EO|EC|FI|AI|BI, EO|EC|FI|AI|BI, EO|EC|FI|AI|BI, EO|EC|FI|AI|BI|IC, 0, 0, 0, 0, 0, 0
#define LR0 RO|II|CE|ME, FF|IC, 0, 0, 0, 0, 0, 0, 0, 0, 0, 0, 0, 0, 0, 0
#define LR1_C0 RO|II|CE|ME, AO|BI, EO|FI|AI|BI, EO|FI|AI|BI, EO|FI|AI|BI, EO|FI|AI|BI, EO|FI|AI|BI, EO|FI|AI|BI, EO|FI|AI|BI, EO|FI|AI|BI|IC, 0, 0, 0, 0, 0, 0
#define LR1_C1 RO|II|CE|ME, AO|BI, EO|FI|AI|BI, EO|EC|FI|AI|BI, EO|EC|FI|AI|BI, EO|EC|FI|AI|BI, EO|EC|FI|AI|BI, EO|EC|FI|AI|BI, EO|EC|FI|AI|BI, EO|EC|FI|AI|BI|IC, 0, 0, 0, 0, 0, 0
#define LR2_C0 RO|II|CE|ME, FF|MIL|MZ|MIH, AO|RI, FF|AI|BI, EO|AI|BI, EO|AI|BI, RO|AI, ES|AI|BI, EO|FI|AI|BI, EO|FI|AI|BI, EO|FI|AI|BI, EO|FI|AI|BI, EO|FI|AI|BI, EO|FI|AI|BI, EO|FI|AI|MC|MIL|MIH|IC, 0
#define LR2_C1 RO|II|CE|ME, FF|MIL|MZ|MIH, AO|RI, FF|AI|BI, EO|AI|BI, EO|AI|BI, RO|AI, ES|AI|BI, EO|FI|AI|BI, EO|EC|FI|AI|BI, EO|EC|FI|AI|BI, EO|EC|FI|AI|BI, EO|EC|FI|AI|BI, EO|EC|FI|AI|BI, EO|EC|FI|AI|MC|MIL|MIH|IC, 0
#define LR3_C0 RO|II|CE|ME, FF|MIL|MZ|MIH, AO|RI, FF|AI|BI, EO|AI|BI, EO|AI|BI, EO|AI|BI, RO|AI, ES|AI|BI, EO|FI|AI|BI, EO|FI|AI|BI, EO|FI|AI|BI, EO|FI|AI|BI, EO|FI|AI|BI, EO|FI|AI|MC|MIL|MIH|IC, 0
#define LR3_C1 RO|II|CE|ME, FF|MIL|MZ|MIH, AO|RI, FF|AI|BI, EO|AI|BI, EO|AI|BI, EO|AI|BI, RO|AI, ES|AI|BI, EO|FI|AI|BI, EO|EC|FI|AI|BI, EO|EC|FI|AI|BI, EO|EC|FI|AI|BI, EO|EC|FI|AI|BI, EO|EC|FI|AI|MC|MIL|MIH|IC, 0
#define LR4_C0 RO|II|CE|ME, FF|MIL|MZ|MIH, AO|RI, FF|AI|BI, EO|AI|BI, EO|AI|BI, EO|AI|BI, EO|AI|BI, RO|AI, ES|AI|BI, EO|FI|AI|BI, EO|FI|AI|BI, EO|FI|AI|BI, EO|FI|AI|BI, EO|FI|AI|MC|MIL|MIH|IC, 0
#define LR4_C1 RO|II|CE|ME, FF|MIL|MZ|MIH, AO|RI, FF|AI|BI, EO|AI|BI, EO|AI|BI, EO|AI|BI, EO|AI|BI, RO|AI, ES|AI|BI, EO|FI|AI|BI, EO|EC|FI|AI|BI, EO|EC|FI|AI|BI, EO|EC|FI|AI|BI, EO|EC|FI|AI|MC|MIL|MIH|IC, 0
#define LR5_C0 RO|II|CE|ME, FF|MIL|MZ|MIH, AO|RI, FF|AI|BI, EO|AI|BI, EO|AI|BI, EO|AI|BI, EO|AI|BI, EO|AI|BI, RO|AI, ES|AI|BI, EO|FI|AI|BI, EO|FI|AI|BI, EO|FI|AI|BI, EO|FI|AI|MC|MIL|MIH|IC, 0
#define LR5_C1 RO|II|CE|ME, FF|MIL|MZ|MIH, AO|RI, FF|AI|BI, EO|AI|BI, EO|AI|BI, EO|AI|BI, EO|AI|BI, EO|AI|BI, RO|AI, ES|AI|BI, EO|FI|AI|BI, EO|EC|FI|AI|BI, EO|EC|FI|AI|BI, EO|EC|FI|AI|MC|MIL|MIH|IC, 0
#define LR6_C0 RO|II|CE|ME, AO|BI, EO|FI|AI|BI, EO|FI|AI|BI, EO|FI|AI, FF|MIL|MZ|MIH, AO|RI, FF|AI|BI, EO|ES|EC|AI|BI, EO|EC|AI|BI, EO|EC|BI, RO|AI, ES|AI|MC|MIL|MIH|IC, 0, 0, 0
#define LR6_C1 RO|II|CE|ME, AO|BI, EO|FI|AI|BI, EO|EC|FI|AI|BI, EO|EC|FI|AI, FF|MIL|MZ|MIH, AO|RI, FF|AI|BI, EO|ES|EC|AI|BI, EO|EC|AI|BI, EO|EC|BI, RO|AI, ES|AI|MC|MIL|MIH|IC, 0, 0, 0
#define LR7_C0 RO|II|CE|ME, AO|BI, FF|AI|BI|FI, EO|ES|EC|AI|BI, EO|AI|IC, 0, 0, 0, 0, 0, 0, 0, 0, 0, 0, 0
#define LR7_C1 RO|II|CE|ME, AO|BI, FF|AI|BI|FI, EO|ES|EC|AI|BI, EO|EC|AI|IC, 0, 0, 0, 0, 0, 0, 0, 0, 0, 0, 0
#define LLZ RO|II|CE|ME, RO|MIL|MZ|MIH|CE, RO|AI|BI, EO|FI|RI|AI|MC|MIL|MIH|IC, 0, 0, 0, 0, 0, 0, 0, 0, 0, 0, 0, 0
#define LLB RO|II|CE|ME, RO|BI|CE|ME, RO|MIH|CE, BO|MIL, RO|AI|BI, EO|FI|RI|AI|MC|MIL|MIH|IC, 0, 0, 0, 0, 0, 0, 0, 0, 0, 0
#define LLV_C0 RO|II|CE|ME, RO|MIL|MZ|MIH|CE, RO|AI|BI, EO|FI|RI|ME, RO|AI|BI, EO|FI|RI|AI|MC|MIL|MIH|IC, 0, 0, 0, 0, 0, 0, 0, 0, 0, 0
#define LLV_C1 RO|II|CE|ME, RO|MIL|MZ|MIH|CE, RO|AI|BI, EO|FI|RI|ME, RO|AI|BI, EO|EC|FI|RI|AI|MC|MIL|MIH|IC, 0, 0, 0, 0, 0, 0, 0, 0, 0, 0
#define LLW_C0 RO|II|CE|ME, RO|BI|CE|ME, RO|MIH|CE, BO|MIL, RO|AI|BI, EO|FI|RI|ME, RO|AI|BI, EO|FI|RI|AI|MC|MIL|MIH|IC, 0, 0, 0, 0, 0, 0, 0, 0
#define LLW_C1 RO|II|CE|ME, RO|BI|CE|ME, RO|MIH|CE, BO|MIL, RO|AI|BI, EO|FI|RI|ME, RO|AI|BI, EO|EC|FI|RI|AI|MC|MIL|MIH|IC, 0, 0, 0, 0, 0, 0, 0, 0
#define LLQ_C0 RO|II|CE|ME, RO|MIL|MZ|MIH|CE, RO|AI|BI, EO|FI|RI|ME, RO|AI|BI, EO|FI|RI|ME, RO|AI|BI, EO|FI|RI|ME, RO|AI|BI, EO|FI|RI|AI|MC|MIL|MIH|IC, 0, 0, 0, 0, 0, 0
#define LLQ_C1 RO|II|CE|ME, RO|MIL|MZ|MIH|CE, RO|AI|BI, EO|FI|RI|ME, RO|AI|BI, EO|EC|FI|RI|ME, RO|AI|BI, EO|EC|FI|RI|ME, RO|AI|BI, EO|EC|FI|RI|AI|MC|MIL|MIH|IC, 0, 0, 0, 0, 0, 0
#define LLL_C0 RO|II|CE|ME, RO|BI|CE|ME, RO|MIH|CE, BO|MIL, RO|AI|BI, EO|FI|RI|ME, RO|AI|BI, EO|FI|RI|ME, RO|AI|BI, EO|FI|RI|ME, RO|AI|BI, EO|FI|RI|AI|MC|MIL|MIH|IC, 0, 0, 0, 0
#define LLL_C1 RO|II|CE|ME, RO|BI|CE|ME, RO|MIH|CE, BO|MIL, RO|AI|BI, EO|FI|RI|ME, RO|AI|BI, EO|EC|FI|RI|ME, RO|AI|BI, EO|EC|FI|RI|ME, RO|AI|BI, EO|EC|FI|RI|AI|MC|MIL|MIH|IC, 0, 0, 0, 0
#define LRZ_C0 RO|II|CE|ME, RO|MIL|MZ|MIH|CE, RO|AI|BI, EO|FI|AI|BI, EO|FI|AI|BI, EO|FI|AI|BI, EO|FI|AI|BI, EO|FI|AI|BI, EO|FI|AI|BI, EO|FI|AI|BI, EO|FI|RI|AI|MC|MIL|MIH|IC, 0, 0, 0, 0, 0
#define LRZ_C1 RO|II|CE|ME, RO|MIL|MZ|MIH|CE, RO|AI|BI, EO|FI|AI|BI, EO|EC|FI|AI|BI, EO|EC|FI|AI|BI, EO|EC|FI|AI|BI, EO|EC|FI|AI|BI, EO|EC|FI|AI|BI, EO|EC|FI|AI|BI, EO|EC|FI|RI|AI|MC|MIL|MIH|IC, 0, 0, 0, 0, 0
#define LRB_C0 RO|II|CE|ME, RO|BI|CE|ME, RO|MIH|CE, BO|MIL, RO|AI|BI, EO|FI|AI|BI, EO|FI|AI|BI, EO|FI|AI|BI, EO|FI|AI|BI, EO|FI|AI|BI, EO|FI|AI|BI, EO|FI|AI|BI, EO|FI|RI|AI|MC|MIL|MIH|IC, 0, 0, 0
#define LRB_C1 RO|II|CE|ME, RO|BI|CE|ME, RO|MIH|CE, BO|MIL, RO|AI|BI, EO|FI|AI|BI, EO|EC|FI|AI|BI, EO|EC|FI|AI|BI, EO|EC|FI|AI|BI, EO|EC|FI|AI|BI, EO|EC|FI|AI|BI, EO|EC|FI|AI|BI, EO|EC|FI|RI|AI|MC|MIL|MIH|IC, 0, 0, 0
#define RLZ_C0 RO|II|CE|ME, RO|MIL|MZ|MIH|CE, RO|AI|BI, EO|FI|RI|AI|MC|MIL|MIH|IC, 0, 0, 0, 0, 0, 0, 0, 0, 0, 0, 0, 0
#define RLZ_C1 RO|II|CE|ME, RO|MIL|MZ|MIH|CE, RO|AI|BI, EO|EC|FI|RI|AI|MC|MIL|MIH|IC, 0, 0, 0, 0, 0, 0, 0, 0, 0, 0, 0, 0
#define RLB_C0 RO|II|CE|ME, RO|BI|CE|ME, RO|MIH|CE, BO|MIL, RO|AI|BI, EO|FI|RI|AI|MC|MIL|MIH|IC, 0, 0, 0, 0, 0, 0, 0, 0, 0, 0
#define RLB_C1 RO|II|CE|ME, RO|BI|CE|ME, RO|MIH|CE, BO|MIL, RO|AI|BI, EO|EC|FI|RI|AI|MC|MIL|MIH|IC, 0, 0, 0, 0, 0, 0, 0, 0, 0, 0
#define RLV_C0 RO|II|CE|ME, RO|MIL|MZ|MIH|CE, RO|AI|BI, EO|FI|RI|ME, RO|AI|BI, EO|FI|RI|AI|MC|MIL|MIH|IC, 0, 0, 0, 0, 0, 0, 0, 0, 0, 0
#define RLV_C1 RO|II|CE|ME, RO|MIL|MZ|MIH|CE, RO|AI|BI, EO|EC|FI|RI|ME, RO|AI|BI, EO|EC|FI|RI|AI|MC|MIL|MIH|IC, 0, 0, 0, 0, 0, 0, 0, 0, 0, 0
#define RLW_C0 RO|II|CE|ME, RO|BI|CE|ME, RO|MIH|CE, BO|MIL, RO|AI|BI, EO|FI|RI|ME, RO|AI|BI, EO|FI|RI|AI|MC|MIL|MIH|IC, 0, 0, 0, 0, 0, 0, 0, 0
#define RLW_C1 RO|II|CE|ME, RO|BI|CE|ME, RO|MIH|CE, BO|MIL, RO|AI|BI, EO|EC|FI|RI|ME, RO|AI|BI, EO|EC|FI|RI|AI|MC|MIL|MIH|IC, 0, 0, 0, 0, 0, 0, 0, 0
#define RLQ_C0 RO|II|CE|ME, RO|MIL|MZ|MIH|CE, RO|AI|BI, EO|FI|RI|ME, RO|AI|BI, EO|FI|RI|ME, RO|AI|BI, EO|FI|RI|ME, RO|AI|BI, EO|FI|RI|AI|MC|MIL|MIH|IC, 0, 0, 0, 0, 0, 0
#define RLQ_C1 RO|II|CE|ME, RO|MIL|MZ|MIH|CE, RO|AI|BI, EO|EC|FI|RI|ME, RO|AI|BI, EO|EC|FI|RI|ME, RO|AI|BI, EO|EC|FI|RI|ME, RO|AI|BI, EO|EC|FI|RI|AI|MC|MIL|MIH|IC, 0, 0, 0, 0, 0, 0
#define RLL_C0 RO|II|CE|ME, RO|BI|CE|ME, RO|MIH|CE, BO|MIL, RO|AI|BI, EO|FI|RI|ME, RO|AI|BI, EO|FI|RI|ME, RO|AI|BI, EO|FI|RI|ME, RO|AI|BI, EO|FI|RI|AI|MC|MIL|MIH|IC, 0, 0, 0, 0
#define RLL_C1 RO|II|CE|ME, RO|BI|CE|ME, RO|MIH|CE, BO|MIL, RO|AI|BI, EO|EC|FI|RI|ME, RO|AI|BI, EO|EC|FI|RI|ME, RO|AI|BI, EO|EC|FI|RI|ME, RO|AI|BI, EO|EC|FI|RI|AI|MC|MIL|MIH|IC, 0, 0, 0, 0
#define RRZ_C0 RO|II|CE|ME, RO|MIL|MZ|MIH|CE, RO|AI|BI, EO|FI|AI|BI, EO|FI|AI|BI, EO|FI|AI|BI, EO|FI|AI|BI, EO|FI|AI|BI, EO|FI|AI|BI, EO|FI|AI|BI, EO|FI|RI|AI|MC|MIL|MIH|IC, 0, 0, 0, 0, 0
#define RRZ_C1 RO|II|CE|ME, RO|MIL|MZ|MIH|CE, RO|AI|BI, EO|EC|FI|AI|BI, EO|EC|FI|AI|BI, EO|EC|FI|AI|BI, EO|EC|FI|AI|BI, EO|EC|FI|AI|BI, EO|EC|FI|AI|BI, EO|EC|FI|AI|BI, EO|EC|FI|RI|AI|MC|MIL|MIH|IC, 0, 0, 0, 0, 0
#define RRB_C0 RO|II|CE|ME, RO|BI|CE|ME, RO|MIH|CE, BO|MIL, RO|AI|BI, EO|FI|AI|BI, EO|FI|AI|BI, EO|FI|AI|BI, EO|FI|AI|BI, EO|FI|AI|BI, EO|FI|AI|BI, EO|FI|AI|BI, EO|FI|RI|AI|MC|MIL|MIH|IC, 0, 0, 0
#define RRB_C1 RO|II|CE|ME, RO|BI|CE|ME, RO|MIH|CE, BO|MIL, RO|AI|BI, EO|EC|FI|AI|BI, EO|EC|FI|AI|BI, EO|EC|FI|AI|BI, EO|EC|FI|AI|BI, EO|EC|FI|AI|BI, EO|EC|FI|AI|BI, EO|EC|FI|AI|BI, EO|EC|FI|RI|AI|MC|MIL|MIH|IC, 0, 0, 0
#define NOT RO|II|CE|ME, AO|BI, FF|AI, EO|ES|EC|AI|IC, 0, 0, 0, 0, 0, 0, 0, 0, 0, 0, 0, 0
#define NOZ RO|II|CE|ME, RO|MIL|MZ|MIH|CE, RO|BI, FF|AI, EO|ES|EC|AI|RI|MC|MIL|MIH|IC, 0, 0, 0, 0, 0, 0, 0, 0, 0, 0, 0
#define NOB RO|II|CE|ME, RO|BI|CE|ME, RO|MIH|CE, BO|MIL, RO|BI, FF|AI, EO|ES|EC|RI|AI|MC|MIL|MIH|IC, 0, 0, 0, 0, 0, 0, 0, 0, 0
#define NOV RO|II|CE|ME, RO|MIL|MZ|MIH|CE, RO|BI, FF|AI, EO|ES|EC|RI|ME, RO|BI, EO|ES|EC|RI|AI|MC|MIL|MIH|IC, 0, 0, 0, 0, 0, 0, 0, 0, 0
#define NOW RO|II|CE|ME, RO|BI|CE|ME, RO|MIH|CE, BO|MIL, RO|BI, FF|AI, EO|ES|EC|RI|ME, RO|BI, EO|ES|EC|RI|AI|MC|MIL|MIH|IC, 0, 0, 0, 0, 0, 0, 0
#define NOQ RO|II|CE|ME, RO|MIL|MZ|MIH|CE, RO|BI, FF|AI, EO|ES|EC|RI|ME, RO|BI, EO|ES|EC|RI|ME, RO|BI, EO|ES|EC|RI|ME, RO|BI, EO|ES|EC|RI|AI|MC|MIL|MIH|IC, 0, 0, 0, 0, 0
#define NEG RO|II|CE|ME, AO|BI, EO|ES|EC|AI, EO|ES|EC|FI|AI|IC, 0, 0, 0, 0, 0, 0, 0, 0, 0, 0, 0, 0
#define NEZ RO|II|CE|ME, RO|MIL|MZ|MIH|CE, RO|AI|BI, EO|ES|EC|AI, EO|ES|EC|FI|AI|RI|MC|MIL|MIH|IC, 0, 0, 0, 0, 0, 0, 0, 0, 0, 0, 0
#define NEB RO|II|CE|ME, RO|BI|CE|ME, RO|MIH|CE, BO|MIL, RO|AI|BI, EO|ES|EC|AI, EO|ES|EC|FI|RI|AI|MC|MIL|MIH|IC, 0, 0, 0, 0, 0, 0, 0, 0, 0
#define NEV_C0 RO|II|CE|ME, RO|MIL|MZ|MIH|CE, RO|AI|BI, EO|ES|EC|AI, EO|ES|EC|FI|RI|ME, RO|BI, EO|ES|FI|RI|AI|MC|MIL|MIH|IC, 0, 0, 0, 0, 0, 0, 0, 0, 0
#define NEV_C1 RO|II|CE|ME, RO|MIL|MZ|MIH|CE, RO|AI|BI, EO|ES|EC|AI, EO|ES|EC|FI|RI|ME, RO|BI, EO|ES|EC|FI|RI|AI|MC|MIL|MIH|IC, 0, 0, 0, 0, 0, 0, 0, 0, 0
#define NEW_C0 RO|II|CE|ME, RO|BI|CE|ME, RO|MIH|CE, BO|MIL, RO|AI|BI, EO|ES|EC|AI, EO|ES|EC|FI|RI|ME, RO|BI, EO|ES|FI|RI|AI|MC|MIL|MIH|IC, 0, 0, 0, 0, 0, 0, 0
#define NEW_C1 RO|II|CE|ME, RO|BI|CE|ME, RO|MIH|CE, BO|MIL, RO|AI|BI, EO|ES|EC|AI, EO|ES|EC|FI|RI|ME, RO|BI, EO|ES|EC|FI|RI|AI|MC|MIL|MIH|IC, 0, 0, 0, 0, 0, 0, 0
#define NEQ_C0 RO|II|CE|ME, RO|MIL|MZ|MIH|CE, RO|AI|BI, EO|ES|EC|AI, EO|ES|EC|FI|RI|ME, RO|BI, EO|ES|FI|RI|ME, RO|BI, EO|ES|FI|RI|ME, RO|BI, EO|ES|FI|RI|AI|MC|MIL|MIH|IC, 0, 0, 0, 0, 0
#define NEQ_C1 RO|II|CE|ME, RO|MIL|MZ|MIH|CE, RO|AI|BI, EO|ES|EC|AI, EO|ES|EC|FI|RI|ME, RO|BI, EO|ES|EC|FI|RI|ME, RO|BI, EO|ES|EC|FI|RI|ME, RO|BI, EO|ES|EC|FI|RI|AI|MC|MIL|MIH|IC, 0, 0, 0, 0, 0
#define ANI RO|II|CE|ME, RO|BI|CE|ME, ES|AI|IC, 0, 0, 0, 0, 0, 0, 0, 0, 0, 0, 0, 0, 0
#define ANZ RO|II|CE|ME, RO|MIL|MZ|MIH|CE, RO|BI, ES|AI|MC|MIL|MIH|IC, 0, 0, 0, 0, 0, 0, 0, 0, 0, 0, 0, 0
#define ANB RO|II|CE|ME, RO|BI|CE|ME, RO|MIH|CE, BO|MIL, RO|BI, ES|AI|MC|MIL|MIH|IC, 0, 0, 0, 0, 0, 0, 0, 0, 0, 0
#define ANT RO|II|CE|ME, RO|MIL|MZ|MIH|CE, RO|BI|ME, RO|MIH, BO|MIL, RO|BI, ES|AI|MC|MIL|MIH|IC, 0, 0, 0, 0, 0, 0, 0, 0, 0
#define ANR RO|II|CE|ME, RO|BI|CE|ME, RO|MIH|CE, BO|MIL, RO|BI|ME, RO|MIH, BO|MIL, RO|BI, ES|AI|MC|MIL|MIH|IC, 0, 0, 0, 0, 0, 0, 0
#define AN_Z RO|II|CE|ME, RO|MIL|MZ|MIH|CE, RO|BI, ES|AI|RI|MC|MIL|MIH|IC, 0, 0, 0, 0, 0, 0, 0, 0, 0, 0, 0, 0
#define AN_B RO|II|CE|ME, RO|BI|CE|ME, RO|MIH|CE, BO|MIL, RO|BI, ES|RI|AI|MC|MIL|MIH|IC, 0, 0, 0, 0, 0, 0, 0, 0, 0, 0
#define AN_T RO|II|CE|ME, RO|MIL|MZ|MIH|CE, RO|BI|ME, RO|MIH, BO|MIL, RO|BI, ES|AI|RI|MC|MIL|MIH|IC, 0, 0, 0, 0, 0, 0, 0, 0, 0
#define AN_R RO|II|CE|ME, RO|BI|CE|ME, RO|MIH|CE, BO|MIL, RO|BI|ME, RO|MIH, BO|MIL, RO|BI, ES|AI|RI|MC|MIL|MIH|IC, 0, 0, 0, 0, 0, 0, 0
#define ORI RO|II|CE|ME, RO|BI|CE|ME, EC|AI|IC, 0, 0, 0, 0, 0, 0, 0, 0, 0, 0, 0, 0, 0
#define ORZ RO|II|CE|ME, RO|MIL|MZ|MIH|CE, RO|BI, EC|AI|MC|MIL|MIH|IC, 0, 0, 0, 0, 0, 0, 0, 0, 0, 0, 0, 0
#define ORB RO|II|CE|ME, RO|BI|CE|ME, RO|MIH|CE, BO|MIL, RO|BI, EC|AI|MC|MIL|MIH|IC, 0, 0, 0, 0, 0, 0, 0, 0, 0, 0
#define ORT RO|II|CE|ME, RO|MIL|MZ|MIH|CE, RO|BI|ME, RO|MIH, BO|MIL, RO|BI, EC|AI|MC|MIL|MIH|IC, 0, 0, 0, 0, 0, 0, 0, 0, 0
#define ORR RO|II|CE|ME, RO|BI|CE|ME, RO|MIH|CE, BO|MIL, RO|BI|ME, RO|MIH, BO|MIL, RO|BI, EC|AI|MC|MIL|MIH|IC, 0, 0, 0, 0, 0, 0, 0
#define OR_Z RO|II|CE|ME, RO|MIL|MZ|MIH|CE, RO|BI, EC|AI|RI|MC|MIL|MIH|IC, 0, 0, 0, 0, 0, 0, 0, 0, 0, 0, 0, 0
#define OR_B RO|II|CE|ME, RO|BI|CE|ME, RO|MIH|CE, BO|MIL, RO|BI, EC|RI|AI|MC|MIL|MIH|IC, 0, 0, 0, 0, 0, 0, 0, 0, 0, 0
#define OR_T RO|II|CE|ME, RO|MIL|MZ|MIH|CE, RO|BI|ME, RO|MIH, BO|MIL, RO|BI, EC|AI|RI|MC|MIL|MIH|IC, 0, 0, 0, 0, 0, 0, 0, 0, 0
#define OR_R RO|II|CE|ME, RO|BI|CE|ME, RO|MIH|CE, BO|MIL, RO|BI|ME, RO|MIH, BO|MIL, RO|BI, EC|AI|RI|MC|MIL|MIH|IC, 0, 0, 0, 0, 0, 0, 0
#define XRI RO|II|CE|ME, RO|BI|CE|ME, FF|MIL|MZ|MIH, ES|RI, EC|AI, RO|BI, EO|ES|EC|AI|MC|MIL|MIH|IC, 0, 0, 0, 0, 0, 0, 0, 0, 0
#define XRZ RO|II|CE|ME, RO|MIL|MZ|MIH|CE, RO|BI, FF|MIL, ES|RI, EC|AI, RO|BI, EO|ES|EC|AI|MC|MIL|MIH|IC, 0, 0, 0, 0, 0, 0, 0, 0
#define XRB RO|II|CE|ME, RO|BI|CE|ME, RO|MIH|CE, BO|MIL, RO|BI, FF|MIL|MZ|MIH, ES|RI, EC|AI, RO|BI, EO|ES|EC|AI|MC|MIL|MIH|IC, 0, 0, 0, 0, 0, 0
#define XRT RO|II|CE|ME, RO|MIL|MZ|MIH|CE, RO|BI|ME, RO|MIH, BO|MIL, RO|BI, FF|MIL|MZ|MIH, ES|RI, EC|AI, RO|BI, EO|ES|EC|AI|MC|MIL|MIH|IC, 0, 0, 0, 0, 0
#define XRR RO|II|CE|ME, RO|BI|CE|ME, RO|MIH|CE, BO|MIL, RO|BI|ME, RO|MIH, BO|MIL, RO|BI, FF|MIL|MZ|MIH, ES|RI, EC|AI, RO|BI, EO|ES|EC|AI|MC|MIL|MIH|IC, 0, 0, 0
#define XR_Z RO|II|CE|ME, RO|MIL|MZ|MIH|CE, RO|BI, ES|RI, EC|AI, RO|BI, EO|ES|EC|AI|RI|MC|MIL|MIH|IC, 0, 0, 0, 0, 0, 0, 0, 0, 0
#define XR_B RO|II|CE|ME, RO|BI|CE|ME, RO|MIH|CE, BO|MIL, RO|BI, FF|MIL|MZ|MIH, ES|RI, EC|AI, RO|BI, EO|ES|EC|AI|MC|MIL|MIH|IC, 0, 0, 0, 0, 0, 0
#define XR_T RO|II|CE|ME, RO|MIL|MZ|MIH|CE, RO|BI|ME, RO|MIH, BO|MIL, RO|BI, ES|RI, EC|AI, RO|BI, EO|ES|EC|AI|RI|MC|MIL|MIH|IC, 0, 0, 0, 0, 0, 0
#define XR_R RO|II|CE|ME, RO|BI|CE|ME, RO|MIH|CE, BO|MIL, RO|BI|ME, RO|MIH, BO|MIL, RO|BI, FF|MIL|MZ|MIH, ES|RI, EC|AI, RO|BI, EO|ES|EC|AI|RI|MC|MIL|MIH|IC, 0, 0, 0
#define F__ RO|II|CE|ME, FF|CE|ME|IC, 0, 0, 0, 0, 0, 0, 0, 0, 0, 0, 0, 0, 0, 0
#define FPA RO|II|CE|ME, RO|CIL|MIL|IC, 0, 0, 0, 0, 0, 0, 0, 0, 0, 0, 0, 0, 0, 0
#define J__ RO|II|CE|ME, FF|CE|ME, FF|CE|ME|IC, 0, 0, 0, 0, 0, 0, 0, 0, 0, 0, 0, 0, 0
#define JPA RO|II|CE|ME, RO|CIL|ME, RO|CIH, FF|MC|MIL|MIH|IC, 0, 0, 0, 0, 0, 0, 0, 0, 0, 0, 0, 0
#define JPR RO|II|CE|ME, RO|BI|CE|ME, RO|MIH|CE, BO|MIL, RO|CIL|ME, RO|CIH, FF|MC|MIL|MIH|IC, 0, 0, 0, 0, 0, 0, 0, 0, 0
#define JAR_C0 RO|II|CE|ME, RO|BI|CE|ME, RO|MIH|CE, EO|FI|BI|MIL, RO|CIL|ME, RO|CIH, FF|MC|MIL|MIH|IC, 0, 0, 0, 0, 0, 0, 0, 0, 0
#define JAR_C1 RO|II|CE|ME, RO|BI|CE|ME, RO|MIH|CE, EO|FI|BI|MIL, FF|MIL, BO|MIL|ME, RO|CIL|ME, RO|CIH, FF|MC|MIL|MIH|IC, 0, 0, 0, 0, 0, 0, 0
#define JPS RO|II|CE|ME, FF|MIL|MIH|BI, RO|MIL|AI, COL|RI, EO|MIL|AI, COH|RI, FF|MIL, EO|RI|MC|MIL|MIH, RO|BI|ME, RO|CIH|MIH, BO|CIL|MIL|IC, 0, 0, 0, 0, 0
#define JAS RO|II|CE|ME, FF|MIL|MZ|MIH, AO|RI, FF|MIL|MIH|BI, RO|MIL|AI, COL|RI, EO|MIL|AI, COH|RI, FF|MIL, EO|RI|MC|MIL|MIH, RO|CIL|ME, RO|CIH, FF|MIL|MZ|MIH, RO|AI|MC|MIL|MIH|IC, 0, 0
#define RTS RO|II|CE|ME, FF|MIL|MIH, RO|MIL|CIL, FF|CE|ME, RO|CIH|CE|ME, COL|BI, RO|CIL, FF|MIL|CE, BO|RI|CE, FF|MC|MIL|MIH|IC, 0, 0, 0, 0, 0, 0
#define PHS RO|II|CE|ME, FF|MIL|MIH, RO|MIL|BI, AO|RI, FF|AI|MIL, EO|RI, BO|MIL, RO|AI|MC|MIL|MIH|IC, 0, 0, 0, 0, 0, 0, 0, 0
#define PLS RO|II|CE|ME, FF|MIL|MIH|BI, RO|AI, EO|ES|EC|AI|RI, AO|MIL, RO|AI|MC|MIL|MIH|IC, 0, 0, 0, 0, 0, 0, 0, 0, 0, 0
#define LDS RO|II|CE|ME, RO|BI|CE, FF|MIL|MIH, RO|AI, EO|MIL, RO|AI|MC|MIL|MIH|IC, 0, 0, 0, 0, 0, 0, 0, 0, 0, 0
#define SDS RO|II|CE|ME, FF|MIL|MIH, RO|MIL|BI, AO|RI|MC|MIL|MIH, RO|AI|CE, FF|MIH, BO|MIL, EO|BI, RO|AI, BO|MIL, AO|RI|MC|MIL|MIH|IC, 0, 0, 0, 0, 0
#define RDB RO|II|CE|ME, RO|BI|CE|ME, RO|AI|CE|ME, RO|NI|CE, BO|MIL, AO|MIH, RO|AI, FF|NI|MC|MIL|MIH|IC, 0, 0, 0, 0, 0, 0, 0, 0
#define RDR RO|II|CE|ME, RO|BI|CE|ME, RO|MIH|CE, BO|MIL, RO|BI|ME, RO|AI|ME, RO|NI, BO|MIL, AO|MIH, RO|AI, FF|NI|MC|MIL|MIH|IC, 0, 0, 0, 0, 0
#define RAP RO|II|CE|ME, RO|BI|CE|ME, RO|NI|CE, BO|MIH, AO|MIL, RO|AI, FF|NI|MC|MIL|MIH|IC, 0, 0, 0, 0, 0, 0, 0, 0, 0
#define RZP RO|II|CE|ME, RO|MIL|MZ|MIH|CE, RO|BI|MC|MIL|MIH, RO|AI|CE|ME, RO|NI|CE, AO|MIH, BO|MIL, RO|AI, FF|NI|MC|MIL|MIH|IC, 0, 0, 0, 0, 0, 0, 0
#define WDB RO|II|CE|ME, RO|BI|CE, FF|NI|MIL|MZ|MIH, COL|RI|MC|MIL|MIH, RO|CIL|ME, RO|NI, BO|MIL, COL|MIH, AO|RI, FF|NI|MIL|MZ|MIH, RO|CIL, FF|CE, FF|CE, FF|MC|MIL|MIH|IC, 0, 0
#define WDR RO|II|CE|ME, RO|BI|CE, FF|NI|MIL|MZ|MIH, COL|RI|MC|MIL|MIH, RO|MIH, BO|MIL, RO|BI|ME, RO|CIL|ME, RO|NI, BO|MIL, COL|MIH, AO|RI, FF|NI|MIL|MZ|MIH, RO|CIL, FF|CE, FF|MC|MIL|MIH|IC
#define LDI RO|II|CE|ME, RO|AI|CE|ME|IC, 0, 0, 0, 0, 0, 0, 0, 0, 0, 0, 0, 0, 0, 0
#define LDZ RO|II|CE|ME, RO|MIL|MZ|MIH|CE, RO|AI|MC|MIL|MIH|IC, 0, 0, 0, 0, 0, 0, 0, 0, 0, 0, 0, 0, 0
#define LDB RO|II|CE|ME, RO|BI|CE|ME, RO|MIH|CE, BO|MIL, RO|AI|MC|MIL|MIH|IC, 0, 0, 0, 0, 0, 0, 0, 0, 0, 0, 0
#define LDT RO|II|CE|ME, RO|MIL|MZ|MIH|CE, RO|BI|ME, RO|MIH, BO|MIL, RO|AI|MC|MIL|MIH|IC, 0, 0, 0, 0, 0, 0, 0, 0, 0, 0
#define LDR RO|II|CE|ME, RO|BI|CE|ME, RO|MIH|CE, BO|MIL, RO|BI|ME, RO|MIH, BO|MIL, RO|AI|MC|MIL|MIH|IC, 0, 0, 0, 0, 0, 0, 0, 0
#define LAP RO|II|CE|ME, RO|MIH|CE, AO|MIL, RO|AI|MC|MIL|MIH|IC, 0, 0, 0, 0, 0, 0, 0, 0, 0, 0, 0, 0
#define LAB_C0 RO|II|CE|ME, RO|BI|CE|ME, RO|MIH|CE, EO|FI|BI|MIL, RO|AI|MC|MIL|MIH|IC, 0, 0, 0, 0, 0, 0, 0, 0, 0, 0, 0
#define LAB_C1 RO|II|CE|ME, RO|BI|CE|ME, RO|MIH|CE, EO|FI|BI|MIL, FF|MIL, BO|MIL|ME, RO|AI|MC|MIL|MIH|IC, 0, 0, 0, 0, 0, 0, 0, 0, 0
#define LZP RO|II|CE|ME, RO|MIL|MZ|MIH|CE, RO|BI|MC|MIL|MIH, RO|MIH|CE, BO|MIL, RO|AI|MC|MIL|MIH|IC, 0, 0, 0, 0, 0, 0, 0, 0, 0, 0
#define LZB_C0 RO|II|CE|ME, RO|MIL|MZ|MIH|CE, RO|AI|MC|MIL|MIH, RO|BI|CE|ME, RO|MIH|CE, EO|FI|BI|MIL, RO|AI|MC|MIL|MIH|IC, 0, 0, 0, 0, 0, 0, 0, 0, 0
#define LZB_C1 RO|II|CE|ME, RO|MIL|MZ|MIH|CE, RO|AI|MC|MIL|MIH, RO|BI|CE|ME, RO|MIH|CE, EO|FI|BI|MIL, FF|MIL, BO|MIL|ME, RO|AI|MC|MIL|MIH|IC, 0, 0, 0, 0, 0, 0, 0
#define SDZ RO|II|CE|ME, RO|MIL|MZ|MIH|CE, AO|RI|MC|MIL|MIH|IC, 0, 0, 0, 0, 0, 0, 0, 0, 0, 0, 0, 0, 0
#define SDB RO|II|CE|ME, RO|BI|CE|ME, RO|MIH|CE, BO|MIL, AO|RI|MC|MIL|MIH|IC, 0, 0, 0, 0, 0, 0, 0, 0, 0, 0, 0
#define SDT RO|II|CE|ME, RO|MIL|MZ|MIH|CE, RO|BI|ME, RO|MIH, BO|MIL, AO|RI|MC|MIL|MIH|IC, 0, 0, 0, 0, 0, 0, 0, 0, 0, 0
#define SDR RO|II|CE|ME, RO|BI|CE|ME, RO|MIH|CE, BO|MIL, RO|BI|ME, RO|MIH, BO|MIL, AO|RI|MC|MIL|MIH|IC, 0, 0, 0, 0, 0, 0, 0, 0
#define SZP RO|II|CE|ME, RO|MIL|MZ|MIH|CE, RO|BI|MC|MIL|MIH, RO|MIH|CE, BO|MIL, AO|RI|MC|MIL|MIH|IC, 0, 0, 0, 0, 0, 0, 0, 0, 0, 0
#define MIZ RO|II|CE|ME, RO|AI|CE|ME, RO|MIL|MZ|MIH|CE, AO|RI|MC|MIL|MIH|IC, 0, 0, 0, 0, 0, 0, 0, 0, 0, 0, 0, 0
#define MIB RO|II|CE|ME, RO|AI|CE|ME, RO|BI|CE|ME, RO|MIH|CE, BO|MIL, AO|RI|MC|MIL|MIH|IC, 0, 0, 0, 0, 0, 0, 0, 0, 0, 0
#define MIT RO|II|CE|ME, RO|AI|CE|ME, RO|MIL|MZ|MIH|CE, RO|BI|ME, RO|MIH, BO|MIL, AO|RI|MC|MIL|MIH|IC, 0, 0, 0, 0, 0, 0, 0, 0, 0
#define MIR RO|II|CE|ME, RO|AI|CE|ME, RO|BI|CE|ME, RO|MIH|CE, BO|MIL, RO|BI|ME, RO|MIH, BO|MIL, AO|RI|MC|MIL|MIH|IC, 0, 0, 0, 0, 0, 0, 0
#define MIV RO|II|CE|ME, RO|BI|CE|ME, RO|AI|CE|ME, RO|MIL|MZ|MIH|CE, BO|RI|ME, AO|RI|MC|MIL|MIH|IC, 0, 0, 0, 0, 0, 0, 0, 0, 0, 0
#define MIW RO|II|CE|ME, RO|AI|CE|ME, FF|ME, RO|BI|ME, RO|MIH, BO|MIL, AO|RI|MC|MIL|MIH, RO|AI|CE|ME, RO|BI|CE|ME, RO|MIH|CE, BO|MIL, FF|ME, AO|RI|MC|MIL|MIH|IC, 0, 0, 0
#define MZZ RO|II|CE|ME, RO|MIL|MZ|MIH|CE, RO|AI|MC|MIL|MIH, RO|MIL|MZ|MIH|CE, AO|RI|MC|MIL|MIH|IC, 0, 0, 0, 0, 0, 0, 0, 0, 0, 0, 0
#define MZB RO|II|CE|ME, RO|MIL|MZ|MIH|CE, RO|AI|MC|MIL|MIH, RO|BI|CE|ME, RO|MIH|CE, BO|MIL, AO|RI|MC|MIL|MIH|IC, 0, 0, 0, 0, 0, 0, 0, 0, 0
#define MZT RO|II|CE|ME, RO|MIL|MZ|MIH|CE, RO|AI|MC|MIL|MIH, RO|MIL|MZ|MIH|CE, RO|BI|ME, RO|MIH, BO|MIL, AO|RI|MC|MIL|MIH|IC, 0, 0, 0, 0, 0, 0, 0, 0
#define MZR RO|II|CE|ME, RO|MIL|MZ|MIH|CE, RO|AI|MC|MIL|MIH, RO|BI|CE|ME, RO|MIH|CE, BO|MIL, RO|BI|ME, RO|MIH, BO|MIL, AO|RI|MC|MIL|MIH|IC, 0, 0, 0, 0, 0, 0
#define MBZ RO|II|CE|ME, RO|BI|CE|ME, RO|MIH|CE, BO|MIL, RO|AI|MC|MIL|MIH, RO|MIL|MZ|MIH|CE, AO|RI|MC|MIL|MIH|IC, 0, 0, 0, 0, 0, 0, 0, 0, 0
#define MBB RO|II|CE|ME, RO|BI|CE|ME, RO|MIH|CE, BO|MIL, RO|AI|MC|MIL|MIH, RO|BI|CE|ME, RO|MIH|CE, BO|MIL, AO|RI|MC|MIL|MIH|IC, 0, 0, 0, 0, 0, 0, 0
#define MBT RO|II|CE|ME, RO|BI|CE|ME, RO|MIH|CE, BO|MIL, RO|AI|MC|MIL|MIH, RO|MIL|MZ|MIH|CE, RO|BI|ME, RO|MIH, BO|MIL, AO|RI|MC|MIL|MIH|IC, 0, 0, 0, 0, 0, 0
#define MBR RO|II|CE|ME, RO|BI|CE|ME, RO|MIH|CE, BO|MIL, RO|AI|MC|MIL|MIH, RO|BI|CE|ME, RO|MIH|CE, BO|MIL, RO|BI|ME, RO|MIH, BO|MIL, AO|RI|MC|MIL|MIH|IC, 0, 0, 0, 0
#define MTZ RO|II|CE|ME, RO|MIL|MZ|MIH|CE, RO|BI|ME, RO|MIH, BO|MIL, RO|AI|MC|MIL|MIH, RO|MIL|MZ|MIH|CE, AO|RI|MC|MIL|MIH|IC, 0, 0, 0, 0, 0, 0, 0, 0
#define MTB RO|II|CE|ME, RO|MIL|MZ|MIH|CE, RO|BI|ME, RO|MIH, BO|MIL, RO|AI|MC|MIL|MIH, RO|BI|CE|ME, RO|MIH|CE, BO|MIL, AO|RI|MC|MIL|MIH|IC, 0, 0, 0, 0, 0, 0
#define MTT RO|II|CE|ME, RO|MIL|MZ|MIH|CE, RO|BI|ME, RO|MIH, BO|MIL, RO|AI|MC|MIL|MIH, RO|MIL|MZ|MIH|CE, RO|BI|ME, RO|MIH, BO|MIL, AO|RI|MC|MIL|MIH|IC, 0, 0, 0, 0, 0
#define MTR RO|II|CE|ME, RO|MIL|MZ|MIH|CE, RO|BI|ME, RO|MIH, BO|MIL, RO|AI|MC|MIL|MIH, RO|BI|CE|ME, RO|MIH|CE, BO|MIL, RO|BI|ME, RO|MIH, BO|MIL, AO|RI|MC|MIL|MIH|IC, 0, 0, 0
#define MRZ RO|II|CE|ME, RO|BI|CE|ME, RO|MIH|CE, BO|MIL, RO|BI|ME, RO|MIH, BO|MIL, RO|AI|MC|MIL|MIH, RO|MIL|MZ|MIH|CE, AO|RI|MC|MIL|MIH|IC, 0, 0, 0, 0, 0, 0
#define MRB RO|II|CE|ME, RO|BI|CE|ME, RO|MIH|CE, BO|MIL, RO|BI|ME, RO|MIH, BO|MIL, RO|AI|MC|MIL|MIH, RO|BI|CE|ME, RO|MIH|CE, BO|MIL, AO|RI|MC|MIL|MIH|IC, 0, 0, 0, 0
#define MRT RO|II|CE|ME, RO|BI|CE|ME, RO|MIH|CE, BO|MIL, RO|BI|ME, RO|MIH, BO|MIL, RO|AI|MC|MIL|MIH, RO|MIL|MZ|MIH|CE, RO|BI|ME, RO|MIH, BO|MIL, AO|RI|MC|MIL|MIH|IC, 0, 0, 0
#define MRR RO|II|CE|ME, RO|BI|CE|ME, RO|MIH|CE, BO|MIL, RO|BI|ME, RO|MIH, BO|MIL, RO|AI|MC|MIL|MIH, RO|BI|CE|ME, RO|MIH|CE, BO|MIL, RO|BI|ME, RO|MIH, BO|MIL, AO|RI|MC|MIL|MIH|IC, 0
#define MVV RO|II|CE|ME, RO|MIL|MZ|MIH|CE, RO|BI|ME, RO|AI|MC|MIL|MIH, RO|MIL|MZ|MIH|CE, BO|RI|ME, AO|RI|MC|MIL|MIH|IC, 0, 0, 0, 0, 0, 0, 0, 0, 0
#define MWV RO|II|CE|ME, RO|BI|CE|ME, RO|MIH|CE, BO|MIL, RO|BI|ME, RO|AI|MC|MIL|MIH, RO|MIL|MZ|MIH|CE, BO|RI|ME, AO|RI|MC|MIL|MIH|IC, 0, 0, 0, 0, 0, 0, 0
#define CLD RO|II|CE|ME, AO|BI, EO|ES|EC|AI|IC, 0, 0, 0, 0, 0, 0, 0, 0, 0, 0, 0, 0, 0
#define CLZ RO|II|CE|ME, RO|MIL|MZ|MIH|CE, AO|BI, EO|ES|EC|RI|MC|MIL|MIH|IC, 0, 0, 0, 0, 0, 0, 0, 0, 0, 0, 0, 0
#define CLB RO|II|CE|ME, RO|BI|CE|ME, RO|MIH|CE, BO|MIL, AO|BI, EO|ES|EC|RI|MC|MIL|MIH|IC, 0, 0, 0, 0, 0, 0, 0, 0, 0, 0
#define CLV RO|II|CE|ME, RO|AI|BI|MIL|MZ|MIH|CE, EO|ES|EC|RI|ME, EO|ES|EC|AI|RI|MC|MIL|MIH|IC, 0, 0, 0, 0, 0, 0, 0, 0, 0, 0, 0, 0
#define CLW RO|II|CE|ME, RO|AI|BI|CE|ME, RO|MIH|CE, BO|MIL, EO|ES|EC|AI|RI, FF|ME, AO|RI|MC|MIL|MIH|IC, 0, 0, 0, 0, 0, 0, 0, 0, 0
#define CLQ RO|II|CE|ME, RO|AI|BI|MIL|MZ|MIH|CE, EO|ES|EC|RI|ME, EO|ES|EC|RI|ME, EO|ES|EC|RI|ME, EO|ES|EC|AI|RI|MC|MIL|MIH|IC, 0, 0, 0, 0, 0, 0, 0, 0, 0, 0
#define CLL RO|II|CE|ME, RO|AI|BI|CE|ME, RO|MIH|CE, BO|MIL, EO|ES|EC|AI|RI, FF|ME, AO|RI, FF|ME, AO|RI, FF|ME, AO|RI|MC|MIL|MIH|IC, 0, 0, 0, 0, 0
#define CL5_C0 RO|II|CE|ME, RO|MIL|MZ|MIH, RO|AI|BI|ME, RO|MIH, BO|MIL, EO|ES|EC|BI|RI, EO|EC|FI|AI|ME, BO|RI, EO|EC|FI|AI|ME, BO|RI, EO|EC|FI|AI|ME, BO|RI, EO|EC|FI|AI|ME, BO|RI|MC|MIL|MIH, RO|MIL|MZ|MIH|CE, EO|EC|FI|AI|RI|MC|MIL|MIH|IC
#define CL5_C1 RO|II|CE|ME, RO|MIL|MZ|MIH, RO|AI|BI|ME, RO|MIH, BO|MIL, EO|ES|EC|BI|RI, EO|EC|FI|AI|ME, BO|RI, EO|EC|AI|ME, BO|RI, EO|EC|AI|ME, BO|RI, EO|EC|AI|ME, BO|RI|MC|MIL|MIH, RO|MIL|MZ|MIH|CE, EO|EC|AI|RI|MC|MIL|MIH|IC
#define INC RO|II|CE|ME, FF|BI, EO|ES|EC|FI|AI|IC, 0, 0, 0, 0, 0, 0, 0, 0, 0, 0, 0, 0, 0
#define INZ RO|II|CE|ME, RO|MIL|MZ|MIH|CE, FF|BI, RO|AI, EO|ES|EC|FI|AI|RI|MC|MIL|MIH|IC, 0, 0, 0, 0, 0, 0, 0, 0, 0, 0, 0
#define INB RO|II|CE|ME, RO|BI|CE|ME, RO|MIH|CE, BO|MIL, RO|AI, FF|BI, EO|ES|EC|FI|RI|AI|MC|MIL|MIH|IC, 0, 0, 0, 0, 0, 0, 0, 0, 0
#define INV_C0 RO|II|CE|ME, RO|MIL|MZ|MIH|CE, FF|BI, RO|AI, EO|ES|EC|FI|RI|ME, RO|AI, EO|ES|FI|AI|MC|MIL|MIH|IC, 0, 0, 0, 0, 0, 0, 0, 0, 0
#define INV_C1 RO|II|CE|ME, RO|MIL|MZ|MIH|CE, FF|BI, RO|AI, EO|ES|EC|FI|RI|ME, RO|AI, EO|ES|EC|FI|RI|AI|MC|MIL|MIH|IC, 0, 0, 0, 0, 0, 0, 0, 0, 0
#define INW_C0 RO|II|CE|ME, RO|BI|CE|ME, RO|MIH|CE, BO|MIL, FF|BI, RO|AI, EO|ES|EC|FI|RI|ME, RO|AI, EO|ES|FI|AI|MC|MIL|MIH|IC, 0, 0, 0, 0, 0, 0, 0
#define INW_C1 RO|II|CE|ME, RO|BI|CE|ME, RO|MIH|CE, BO|MIL, FF|BI, RO|AI, EO|ES|EC|FI|RI|ME, RO|AI, EO|ES|EC|FI|RI|AI|MC|MIL|MIH|IC, 0, 0, 0, 0, 0, 0, 0
#define INQ_C0 RO|II|CE|ME, RO|MIL|MZ|MIH|CE, FF|BI, RO|AI, EO|ES|EC|FI|RI|ME, FF|MC|MIL|MIH|IC, 0, FF|MC|MIL|MIH|IC, 0, FF|MC|MIL|MIH|IC, 0, 0, 0, 0, 0, 0
#define INQ_C1 RO|II|CE|ME, RO|MIL|MZ|MIH|CE, FF|BI, RO|AI, EO|ES|EC|FI|RI|ME, RO|AI, EO|ES|EC|FI|RI|ME, RO|AI, EO|ES|EC|FI|RI|ME, RO|AI, EO|ES|EC|FI|RI|AI|MC|MIL|MIH|IC, 0, 0, 0, 0, 0
#define DEC RO|II|CE|ME, FF|BI, EO|FI|AI|IC, 0, 0, 0, 0, 0, 0, 0, 0, 0, 0, 0, 0, 0
#define DEZ RO|II|CE|ME, RO|MIL|MZ|MIH|CE, FF|BI, RO|AI, EO|FI|AI|RI|MC|MIL|MIH|IC, 0, 0, 0, 0, 0, 0, 0, 0, 0, 0, 0
#define DEB RO|II|CE|ME, RO|BI|CE|ME, RO|MIH|CE, BO|MIL, RO|AI, FF|BI, EO|FI|RI|AI|MC|MIL|MIH|IC, 0, 0, 0, 0, 0, 0, 0, 0, 0
#define DEV_C0 RO|II|CE|ME, RO|MIL|MZ|MIH|CE, FF|BI, RO|AI, EO|FI|RI|ME, RO|AI, EO|FI|RI|AI|MC|MIL|MIH|IC, 0, 0, 0, 0, 0, 0, 0, 0, 0
#define DEV_C1 RO|II|CE|ME, RO|MIL|MZ|MIH|CE, FF|BI, RO|AI, EO|FI|RI|ME, RO|AI, EO|EC|FI|AI|MC|MIL|MIH|IC, 0, 0, 0, 0, 0, 0, 0, 0, 0
#define DEW_C0 RO|II|CE|ME, RO|BI|CE|ME, RO|MIH|CE, BO|MIL, FF|BI, RO|AI, EO|FI|RI|ME, RO|AI, EO|FI|RI|AI|MC|MIL|MIH|IC, 0, 0, 0, 0, 0, 0, 0
#define DEW_C1 RO|II|CE|ME, RO|BI|CE|ME, RO|MIH|CE, BO|MIL, FF|BI, RO|AI, EO|FI|RI|ME, RO|AI, EO|EC|FI|AI|MC|MIL|MIH|IC, 0, 0, 0, 0, 0, 0, 0
#define DEQ_C0 RO|II|CE|ME, RO|MIL|MZ|MIH|CE, FF|BI, RO|AI, EO|FI|RI|ME, RO|AI, EO|FI|RI|ME, RO|AI, EO|FI|RI|ME, RO|AI, EO|FI|RI|AI|MC|MIL|MIH|IC, 0, 0, 0, 0, 0
#define DEQ_C1 RO|II|CE|ME, RO|MIL|MZ|MIH|CE, FF|BI, RO|AI, EO|FI|RI|ME, FF|MC|MIL|MIH|IC, 0, FF|MC|MIL|MIH|IC, 0, FF|MC|MIL|MIH|IC, 0, 0, 0, 0, 0, 0
#define ADI RO|II|CE|ME, RO|BI|CE|ME, EO|FI|AI|IC, 0, 0, 0, 0, 0, 0, 0, 0, 0, 0, 0, 0, 0
#define ADZ RO|II|CE|ME, RO|MIL|MZ|MIH|CE, RO|BI, EO|FI|AI|MC|MIL|MIH|IC, 0, 0, 0, 0, 0, 0, 0, 0, 0, 0, 0, 0
#define ADB RO|II|CE|ME, RO|BI|CE|ME, RO|MIH|CE, BO|MIL, RO|BI, EO|FI|AI|MC|MIL|MIH|IC, 0, 0, 0, 0, 0, 0, 0, 0, 0, 0
#define ADT RO|II|CE|ME, RO|MIL|MZ|MIH|CE, RO|BI|ME, RO|MIH, BO|MIL, RO|BI, EO|FI|AI|MC|MIL|MIH|IC, 0, 0, 0, 0, 0, 0, 0, 0, 0
#define ADR RO|II|CE|ME, RO|BI|CE|ME, RO|MIH|CE, BO|MIL, RO|BI|ME, RO|MIH, BO|MIL, RO|BI, EO|FI|AI|MC|MIL|MIH|IC, 0, 0, 0, 0, 0, 0, 0
#define AD_Z RO|II|CE|ME, RO|MIL|MZ|MIH|CE, RO|BI, EO|FI|AI|RI|MC|MIL|MIH|IC, 0, 0, 0, 0, 0, 0, 0, 0, 0, 0, 0, 0
#define AD_B RO|II|CE|ME, RO|BI|CE|ME, RO|MIH|CE, BO|MIL, RO|BI, EO|FI|RI|AI|MC|MIL|MIH|IC, 0, 0, 0, 0, 0, 0, 0, 0, 0, 0
#define AD_T RO|II|CE|ME, RO|MIL|MZ|MIH|CE, RO|BI|ME, RO|MIH, BO|MIL, RO|BI, EO|FI|AI|RI|MC|MIL|MIH|IC, 0, 0, 0, 0, 0, 0, 0, 0, 0
#define AD_R RO|II|CE|ME, RO|BI|CE|ME, RO|MIH|CE, BO|MIL, RO|BI|ME, RO|MIH, BO|MIL, RO|BI, EO|FI|AI|RI|MC|MIL|MIH|IC, 0, 0, 0, 0, 0, 0, 0
#define ADV_C0 RO|II|CE|ME, RO|MIL|MZ|MIH|CE, RO|BI, EO|FI|RI, FF|BI|ME, RO|AI, EO|ES|FI|AI|MC|MIL|MIH|IC, 0, 0, 0, 0, 0, 0, 0, 0, 0
#define ADV_C1 RO|II|CE|ME, RO|MIL|MZ|MIH|CE, RO|BI, EO|FI|RI, FF|BI|ME, RO|AI, EO|ES|EC|FI|RI|AI|MC|MIL|MIH|IC, 0, 0, 0, 0, 0, 0, 0, 0, 0
#define ADW_C0 RO|II|CE|ME, RO|BI|CE|ME, RO|MIH|CE, BO|MIL, RO|BI, EO|FI|RI, FF|BI|ME, RO|AI, EO|ES|FI|AI|MC|MIL|MIH|IC, 0, 0, 0, 0, 0, 0, 0
#define ADW_C1 RO|II|CE|ME, RO|BI|CE|ME, RO|MIH|CE, BO|MIL, RO|BI, EO|FI|RI, FF|BI|ME, RO|AI, EO|ES|EC|FI|RI|AI|MC|MIL|MIH|IC, 0, 0, 0, 0, 0, 0, 0
#define ADQ_C0 RO|II|CE|ME, RO|MIL|MZ|MIH|CE, RO|BI, EO|FI|RI|ME, FF|MC|MIL|MIH|IC, 0, 0, FF|MC|MIL|MIH|IC, 0, FF|MC|MIL|MIH|IC, 0, 0, 0, 0, 0, 0
#define ADQ_C1 RO|II|CE|ME, RO|MIL|MZ|MIH|CE, RO|BI, EO|FI|RI|ME, FF|BI, RO|AI, EO|ES|EC|FI|RI|ME, RO|AI, EO|ES|EC|FI|RI|ME, RO|AI, EO|ES|EC|RI|MC|MIL|MIH|IC, 0, 0, 0, 0, 0
#define AIZ RO|II|CE|ME, RO|BI|CE|ME, RO|MIL|MZ|MIH|CE, RO|AI, EO|FI|AI|RI|MC|MIL|MIH|IC, 0, 0, 0, 0, 0, 0, 0, 0, 0, 0, 0
#define AIB RO|II|CE|ME, RO|AI|CE|ME, RO|BI|CE|ME, RO|MIH|CE, BO|MIL, RO|BI, EO|FI|RI|AI|MC|MIL|MIH|IC, 0, 0, 0, 0, 0, 0, 0, 0, 0
#define AIT RO|II|CE|ME, RO|AI|CE|ME, RO|MIL|MZ|MIH|CE, RO|BI|ME, RO|MIH, BO|MIL, RO|BI, EO|FI|AI|RI|MC|MIL|MIH|IC, 0, 0, 0, 0, 0, 0, 0, 0
#define AIR RO|II|CE|ME, RO|AI|CE|ME, RO|BI|CE|ME, RO|MIH|CE, BO|MIL, RO|BI|ME, RO|MIH, BO|MIL, RO|BI, EO|FI|AI|RI|MC|MIL|MIH|IC, 0, 0, 0, 0, 0, 0
#define AIV_C0 RO|II|CE|ME, RO|AI|CE|ME, RO|MIL|MZ|MIH|CE, RO|BI, EO|FI|RI, FF|BI|ME, RO|AI, EO|ES|FI|AI|MC|MIL|MIH|IC, 0, 0, 0, 0, 0, 0, 0, 0
#define AIV_C1 RO|II|CE|ME, RO|AI|CE|ME, RO|MIL|MZ|MIH|CE, RO|BI, EO|FI|RI, FF|BI|ME, RO|AI, EO|ES|EC|FI|RI|AI|MC|MIL|MIH|IC, 0, 0, 0, 0, 0, 0, 0, 0
#define AIW_C0 RO|II|CE|ME, RO|AI|CE|ME, RO|BI|CE|ME, RO|MIH|CE, BO|MIL, RO|BI, EO|FI|RI, FF|BI|ME, RO|AI, EO|ES|FI|AI|MC|MIL|MIH|IC, 0, 0, 0, 0, 0, 0
#define AIW_C1 RO|II|CE|ME, RO|AI|CE|ME, RO|BI|CE|ME, RO|MIH|CE, BO|MIL, RO|BI, EO|FI|RI, FF|BI|ME, RO|AI, EO|ES|EC|FI|RI|AI|MC|MIL|MIH|IC, 0, 0, 0, 0, 0, 0
#define AIQ_C0 RO|II|CE|ME, RO|AI|CE|ME, RO|MIL|MZ|MIH|CE, RO|BI, EO|FI|RI|ME, FF|MC|MIL|MIH|IC, 0, 0, FF|MC|MIL|MIH|IC, 0, FF|MC|MIL|MIH|IC, 0, 0, 0, 0, 0
#define AIQ_C1 RO|II|CE|ME, RO|AI|CE|ME, RO|MIL|MZ|MIH|CE, RO|BI, EO|FI|RI|ME, FF|BI, RO|AI, EO|ES|EC|FI|RI|ME, RO|AI, EO|ES|EC|FI|RI|ME, RO|AI, EO|ES|EC|RI|MC|MIL|MIH|IC, 0, 0, 0, 0
#define AZZ RO|II|CE|ME, RO|MIL|MZ|MIH|CE, RO|BI|MC|MIL|MIH, RO|MIL|MZ|MIH|CE, RO|AI, EO|FI|AI|RI|MC|MIL|MIH|IC, 0, 0, 0, 0, 0, 0, 0, 0, 0, 0
#define AZT RO|II|CE|ME, RO|MIL|MZ|MIH|CE, RO|BI|MC|MIL|MIH, RO|MIL|MZ|MIH|CE, RO|AI|ME, RO|MIH, AO|MIL, RO|AI, EO|FI|AI|RI|MC|MIL|MIH|IC, 0, 0, 0, 0, 0, 0, 0
#define AZV_C0 RO|II|CE|ME, RO|MIL|MZ|MIH|CE, RO|AI|MC|MIL|MIH, RO|MIL|MZ|MIH|CE, RO|BI, EO|FI|RI, FF|BI|ME, RO|AI, EO|ES|FI|AI|MC|MIL|MIH|IC, 0, 0, 0, 0, 0, 0, 0
#define AZV_C1 RO|II|CE|ME, RO|MIL|MZ|MIH|CE, RO|AI|MC|MIL|MIH, RO|MIL|MZ|MIH|CE, RO|BI, EO|FI|RI, FF|BI|ME, RO|AI, EO|ES|EC|FI|RI|AI|MC|MIL|MIH|IC, 0, 0, 0, 0, 0, 0, 0
#define AZQ_C0 RO|II|CE|ME, RO|MIL|MZ|MIH|CE, RO|AI|MC|MIL|MIH, RO|MIL|MZ|MIH|CE, RO|BI, EO|FI|RI|ME, FF|MC|MIL|MIH|IC, 0, 0, FF|MC|MIL|MIH|IC, 0, FF|MC|MIL|MIH|IC, 0, 0, 0, 0
#define AZQ_C1 RO|II|CE|ME, RO|MIL|MZ|MIH|CE, RO|AI|MC|MIL|MIH, RO|MIL|MZ|MIH|CE, RO|BI, EO|FI|RI|ME, FF|BI, RO|AI, EO|ES|EC|FI|RI|ME, RO|AI, EO|ES|EC|FI|RI|ME, RO|AI, EO|ES|EC|RI|MC|MIL|MIH|IC, 0, 0, 0
#define ABB RO|II|CE|ME, RO|BI|CE|ME, RO|MIH|CE, BO|MIL, RO|AI|MC|MIL|MIH, RO|BI|CE|ME, RO|MIH|CE, BO|MIL, RO|BI, EO|FI|RI|AI|MC|MIL|MIH|IC, 0, 0, 0, 0, 0, 0
#define ABW_C0 RO|II|CE|ME, RO|BI|CE|ME, RO|MIH|CE, BO|MIL, RO|AI|MC|MIL|MIH, RO|BI|CE|ME, RO|MIH|CE, BO|MIL, RO|BI, EO|FI|RI, FF|BI|ME, RO|AI, EO|ES|FI|AI|MC|MIL|MIH|IC, 0, 0, 0
#define ABW_C1 RO|II|CE|ME, RO|BI|CE|ME, RO|MIH|CE, BO|MIL, RO|AI|MC|MIL|MIH, RO|BI|CE|ME, RO|MIH|CE, BO|MIL, RO|BI, EO|FI|RI, FF|BI|ME, RO|AI, EO|ES|EC|FI|RI|AI|MC|MIL|MIH|IC, 0, 0, 0
#define ATZ RO|II|CE|ME, RO|MIL|MZ|MIH|CE, RO|AI|ME, RO|MIH, AO|MIL, RO|BI|MC|MIL|MIH, RO|MIL|MZ|MIH|CE, RO|AI, EO|FI|AI|RI|MC|MIL|MIH|IC, 0, 0, 0, 0, 0, 0, 0
#define ATT RO|II|CE|ME, RO|MIL|MZ|MIH|CE, RO|AI|ME, RO|MIH, AO|MIL, RO|BI|MC|MIL|MIH, RO|MIL|MZ|MIH|CE, RO|AI|ME, RO|MIH, AO|MIL, RO|AI, EO|FI|AI|RI|MC|MIL|MIH|IC, 0, 0, 0, 0
#define AVV_C0 RO|II|CE|ME, RO|MIL|MZ|MIH, RO|BI|MC|MIL|MIH, FF|ME, RO|MIL|MZ|MIH, RO|AI, EO|FI|RI|MC|MIL|MIH, RO|MIL|MZ|MIH|CE, FF|ME, RO|BI|MC|MIL|MIH, RO|MIL|MZ|MIH|CE, FF|ME, RO|AI, EO|FI|AI|RI|MC|MIL|MIH|IC, 0, 0
#define AVV_C1 RO|II|CE|ME, RO|MIL|MZ|MIH, RO|BI|MC|MIL|MIH, FF|ME, RO|MIL|MZ|MIH, RO|AI, EO|FI|RI|MC|MIL|MIH, RO|MIL|MZ|MIH|CE, FF|ME, RO|BI|MC|MIL|MIH, RO|MIL|MZ|MIH|CE, FF|ME, RO|AI, EO|EC|FI|AI|RI|MC|MIL|MIH|IC, 0, 0
#define SUI RO|II|CE|ME, RO|BI|CE|ME, EO|ES|EC|FI|AI|IC, 0, 0, 0, 0, 0, 0, 0, 0, 0, 0, 0, 0, 0
#define SUZ RO|II|CE|ME, RO|MIL|MZ|MIH|CE, RO|BI, EO|ES|EC|FI|AI|MC|MIL|MIH|IC, 0, 0, 0, 0, 0, 0, 0, 0, 0, 0, 0, 0
#define SUB RO|II|CE|ME, RO|BI|CE|ME, RO|MIH|CE, BO|MIL, RO|BI, EO|ES|EC|FI|AI|MC|MIL|MIH|IC, 0, 0, 0, 0, 0, 0, 0, 0, 0, 0
#define SUT RO|II|CE|ME, RO|MIL|MZ|MIH|CE, RO|BI|ME, RO|MIH, BO|MIL, RO|BI, EO|ES|EC|FI|AI|MC|MIL|MIH|IC, 0, 0, 0, 0, 0, 0, 0, 0, 0
#define SUR RO|II|CE|ME, RO|BI|CE|ME, RO|MIH|CE, BO|MIL, RO|BI|ME, RO|MIH, BO|MIL, RO|BI, EO|ES|EC|FI|AI|MC|MIL|MIH|IC, 0, 0, 0, 0, 0, 0, 0
#define SU_Z RO|II|CE|ME, RO|MIL|MZ|MIH|CE, AO|BI, RO|AI, EO|ES|EC|FI|AI|RI|MC|MIL|MIH|IC, 0, 0, 0, 0, 0, 0, 0, 0, 0, 0, 0
#define SU_B RO|II|CE|ME, RO|BI|CE|ME, RO|MIH|CE, BO|MIL, AO|BI, RO|AI, EO|ES|EC|FI|RI|AI|MC|MIL|MIH|IC, 0, 0, 0, 0, 0, 0, 0, 0, 0
#define SU_T RO|II|CE|ME, RO|MIL|MZ|MIH|CE, RO|BI|ME, RO|MIH, BO|MIL, AO|BI, RO|AI, EO|ES|EC|FI|AI|RI|MC|MIL|MIH|IC, 0, 0, 0, 0, 0, 0, 0, 0
#define SU_R RO|II|CE|ME, RO|BI|CE|ME, RO|MIH|CE, BO|MIL, RO|BI|ME, RO|MIH, BO|MIL, AO|BI, RO|AI, EO|ES|EC|FI|AI|RI|MC|MIL|MIH|IC, 0, 0, 0, 0, 0, 0
#define SUV_C0 RO|II|CE|ME, RO|MIL|MZ|MIH|CE, AO|BI, RO|AI, EO|ES|EC|FI|RI, FF|BI|ME, RO|AI, EO|FI|RI|AI|MC|MIL|MIH|IC, 0, 0, 0, 0, 0, 0, 0, 0
#define SUV_C1 RO|II|CE|ME, RO|MIL|MZ|MIH|CE, AO|BI, RO|AI, EO|ES|EC|FI|RI, FF|BI|ME, RO|AI, EO|EC|FI|AI|MC|MIL|MIH|IC, 0, 0, 0, 0, 0, 0, 0, 0
#define SUW_C0 RO|II|CE|ME, RO|BI|CE|ME, RO|MIH|CE, BO|MIL, AO|BI, RO|AI, EO|ES|EC|FI|RI, FF|BI|ME, RO|AI, EO|FI|RI|AI|MC|MIL|MIH|IC, 0, 0, 0, 0, 0, 0
#define SUW_C1 RO|II|CE|ME, RO|BI|CE|ME, RO|MIH|CE, BO|MIL, AO|BI, RO|AI, EO|ES|EC|FI|RI, FF|BI|ME, RO|AI, EO|EC|FI|AI|MC|MIL|MIH|IC, 0, 0, 0, 0, 0, 0
#define SUQ_C0 RO|II|CE|ME, RO|MIL|MZ|MIH|CE, AO|BI, RO|AI, EO|ES|EC|FI|RI|ME, FF|BI, RO|AI, EO|FI|RI|ME, RO|AI, EO|FI|RI|ME, RO|AI, EO|RI|MC|MIL|MIH|IC, 0, 0, 0, 0
#define SUQ_C1 RO|II|CE|ME, RO|MIL|MZ|MIH|CE, AO|BI, RO|AI, EO|ES|EC|FI|RI|ME, FF|MC|MIL|MIH|IC, 0, 0, FF|MC|MIL|MIH|IC, 0, FF|MC|MIL|MIH|IC, 0, 0, 0, 0, 0
#define SIZ RO|II|CE|ME, RO|BI|CE|ME, RO|MIL|MZ|MIH|CE, RO|AI, EO|ES|EC|FI|AI|RI|MC|MIL|MIH|IC, 0, 0, 0, 0, 0, 0, 0, 0, 0, 0, 0
#define SIB RO|II|CE|ME, RO|BI|CE|ME, RO|AI|CE|ME, RO|MIH|CE, AO|MIL, RO|AI, EO|ES|EC|FI|RI|AI|MC|MIL|MIH|IC, 0, 0, 0, 0, 0, 0, 0, 0, 0
#define SIT RO|II|CE|ME, RO|BI|CE|ME, RO|MIL|MZ|MIH|CE, RO|AI|ME, RO|MIH, AO|MIL, RO|AI, EO|ES|EC|FI|AI|RI|MC|MIL|MIH|IC, 0, 0, 0, 0, 0, 0, 0, 0
#define SIR RO|II|CE|ME, RO|BI|CE|ME, RO|AI|CE|ME, RO|MIH|CE, AO|MIL, RO|AI|ME, RO|MIH, AO|MIL, RO|AI, EO|ES|EC|FI|AI|RI|MC|MIL|MIH|IC, 0, 0, 0, 0, 0, 0
#define SIV_C0 RO|II|CE|ME, RO|BI|CE|ME, RO|MIL|MZ|MIH|CE, RO|AI, EO|ES|EC|FI|RI, FF|BI|ME, RO|AI, EO|FI|RI|AI|MC|MIL|MIH|IC, 0, 0, 0, 0, 0, 0, 0, 0
#define SIV_C1 RO|II|CE|ME, RO|BI|CE|ME, RO|MIL|MZ|MIH|CE, RO|AI, EO|ES|EC|FI|RI, FF|BI|ME, RO|AI, EO|EC|FI|AI|MC|MIL|MIH|IC, 0, 0, 0, 0, 0, 0, 0, 0
#define SIW_C0 RO|II|CE|ME, RO|BI|CE|ME, RO|AI|CE|ME, RO|MIH|CE, AO|MIL, RO|AI, EO|ES|EC|FI|RI, FF|BI|ME, RO|AI, EO|FI|RI|AI|MC|MIL|MIH|IC, 0, 0, 0, 0, 0, 0
#define SIW_C1 RO|II|CE|ME, RO|BI|CE|ME, RO|AI|CE|ME, RO|MIH|CE, AO|MIL, RO|AI, EO|ES|EC|FI|RI, FF|BI|ME, RO|AI, EO|EC|FI|AI|MC|MIL|MIH|IC, 0, 0, 0, 0, 0, 0
#define SIQ_C0 RO|II|CE|ME, RO|BI|CE|ME, RO|MIL|MZ|MIH|CE, RO|AI, EO|ES|EC|FI|RI|ME, FF|BI, RO|AI, EO|FI|RI|ME, RO|AI, EO|FI|RI|ME, RO|AI, EO|RI|MC|MIL|MIH|IC, 0, 0, 0, 0
#define SIQ_C1 RO|II|CE|ME, RO|BI|CE|ME, RO|MIL|MZ|MIH|CE, RO|AI, EO|ES|EC|FI|RI|ME, FF|MC|MIL|MIH|IC, 0, 0, FF|MC|MIL|MIH|IC, 0, FF|MC|MIL|MIH|IC, 0, 0, 0, 0, 0
#define SZZ RO|II|CE|ME, RO|MIL|MZ|MIH|CE, RO|BI|MC|MIL|MIH, RO|MIL|MZ|MIH|CE, RO|AI, EO|ES|EC|FI|AI|RI|MC|MIL|MIH|IC, 0, 0, 0, 0, 0, 0, 0, 0, 0, 0
#define SZT RO|II|CE|ME, RO|MIL|MZ|MIH|CE, RO|BI|MC|MIL|MIH, RO|MIL|MZ|MIH|CE, RO|AI|ME, RO|MIH, AO|MIL, RO|AI, EO|ES|EC|FI|AI|RI|MC|MIL|MIH|IC, 0, 0, 0, 0, 0, 0, 0
#define SZV_C0 RO|II|CE|ME, RO|MIL|MZ|MIH|CE, RO|BI|MC|MIL|MIH, RO|MIL|MZ|MIH|CE, RO|AI, EO|ES|EC|FI|RI, FF|BI|ME, RO|AI, EO|FI|RI|AI|MC|MIL|MIH|IC, 0, 0, 0, 0, 0, 0, 0
#define SZV_C1 RO|II|CE|ME, RO|MIL|MZ|MIH|CE, RO|BI|MC|MIL|MIH, RO|MIL|MZ|MIH|CE, RO|AI, EO|ES|EC|FI|RI, FF|BI|ME, RO|AI, EO|EC|FI|AI|MC|MIL|MIH|IC, 0, 0, 0, 0, 0, 0, 0
#define SZQ_C0 RO|II|CE|ME, RO|MIL|MZ|MIH|CE, RO|BI|MC|MIL|MIH, RO|MIL|MZ|MIH|CE, RO|AI, EO|ES|EC|FI|RI|ME, FF|BI, RO|AI, EO|FI|RI|ME, RO|AI, EO|FI|RI|ME, RO|AI, EO|RI|MC|MIL|MIH|IC, 0, 0, 0
#define SZQ_C1 RO|II|CE|ME, RO|MIL|MZ|MIH|CE, RO|BI|MC|MIL|MIH, RO|MIL|MZ|MIH|CE, RO|AI, EO|ES|EC|FI|RI|ME, FF|MC|MIL|MIH|IC, 0, 0, FF|MC|MIL|MIH|IC, 0, FF|MC|MIL|MIH|IC, 0, 0, 0, 0
#define SBB RO|II|CE|ME, RO|BI|CE|ME, RO|MIH|CE, BO|MIL, RO|BI|MC|MIL|MIH, RO|AI|CE|ME, RO|MIH|CE, AO|MIL, RO|AI, EO|ES|EC|FI|RI|AI|MC|MIL|MIH|IC, 0, 0, 0, 0, 0, 0
#define SBW_C0 RO|II|CE|ME, RO|BI|CE|ME, RO|MIH|CE, BO|MIL, RO|BI|MC|MIL|MIH, RO|AI|CE|ME, RO|MIH|CE, AO|MIL, RO|AI, EO|ES|EC|FI|RI, FF|BI|ME, RO|AI, EO|FI|RI|AI|MC|MIL|MIH|IC, 0, 0, 0
#define SBW_C1 RO|II|CE|ME, RO|BI|CE|ME, RO|MIH|CE, BO|MIL, RO|BI|MC|MIL|MIH, RO|AI|CE|ME, RO|MIH|CE, AO|MIL, RO|AI, EO|ES|EC|FI|RI, FF|BI|ME, RO|AI, EO|EC|FI|AI|MC|MIL|MIH|IC, 0, 0, 0
#define STZ RO|II|CE|ME, RO|MIL|MZ|MIH|CE, RO|AI|ME, RO|MIH, AO|MIL, RO|BI|MC|MIL|MIH, RO|MIL|MZ|MIH|CE, RO|AI, EO|ES|EC|FI|AI|RI|MC|MIL|MIH|IC, 0, 0, 0, 0, 0, 0, 0
#define STT RO|II|CE|ME, RO|MIL|MZ|MIH|CE, RO|AI|ME, RO|MIH, AO|MIL, RO|BI|MC|MIL|MIH, RO|MIL|MZ|MIH|CE, RO|AI|ME, RO|MIH, AO|MIL, RO|AI, EO|ES|EC|FI|AI|RI|MC|MIL|MIH|IC, 0, 0, 0, 0
#define SVV_C0 RO|II|CE|ME, RO|MIL|MZ|MIH, RO|BI|MC|MIL|MIH, FF|ME, RO|MIL|MZ|MIH, RO|AI, EO|ES|EC|FI|RI|MC|MIL|MIH, RO|MIL|MZ|MIH|CE, FF|ME, RO|BI|MC|MIL|MIH, RO|MIL|MZ|MIH|CE, FF|ME, RO|AI, EO|ES|FI|AI|RI|MC|MIL|MIH|IC, 0, 0
#define SVV_C1 RO|II|CE|ME, RO|MIL|MZ|MIH, RO|BI|MC|MIL|MIH, FF|ME, RO|MIL|MZ|MIH, RO|AI, EO|ES|EC|FI|RI|MC|MIL|MIH, RO|MIL|MZ|MIH|CE, FF|ME, RO|BI|MC|MIL|MIH, RO|MIL|MZ|MIH|CE, FF|ME, RO|AI, EO|ES|EC|FI|AI|RI|MC|MIL|MIH|IC, 0, 0
#define CPI RO|II|CE|ME, RO|BI|CE|ME, EO|ES|EC|FI|IC, 0, 0, 0, 0, 0, 0, 0, 0, 0, 0, 0, 0, 0
#define CPZ RO|II|CE|ME, RO|MIL|MZ|MIH|CE, RO|BI, EO|ES|EC|FI|MC|MIL|MIH|IC, 0, 0, 0, 0, 0, 0, 0, 0, 0, 0, 0, 0
#define CPB RO|II|CE|ME, RO|BI|CE|ME, RO|MIH|CE, BO|MIL, RO|BI, EO|ES|EC|FI|MC|MIL|MIH|IC, 0, 0, 0, 0, 0, 0, 0, 0, 0, 0
#define CPT RO|II|CE|ME, RO|MIL|MZ|MIH|CE, RO|BI|ME, RO|MIH, BO|MIL, RO|BI, EO|ES|EC|FI|MC|MIL|MIH|IC, 0, 0, 0, 0, 0, 0, 0, 0, 0
#define CPR RO|II|CE|ME, RO|BI|CE|ME, RO|MIH|CE, BO|MIL, RO|BI|ME, RO|MIH, BO|MIL, RO|BI, EO|ES|EC|FI|MC|MIL|MIH|IC, 0, 0, 0, 0, 0, 0, 0
#define CIZ RO|II|CE|ME, RO|BI|CE|ME, RO|MIL|MZ|MIH|CE, RO|AI, EO|ES|EC|FI|MC|MIL|MIH|IC, 0, 0, 0, 0, 0, 0, 0, 0, 0, 0, 0
#define CIB RO|II|CE|ME, RO|BI|CE|ME, RO|AI|CE|ME, RO|MIH|CE, AO|MIL, RO|AI, EO|ES|EC|FI|AI|MC|MIL|MIH|IC, 0, 0, 0, 0, 0, 0, 0, 0, 0
#define CIT RO|II|CE|ME, RO|BI|CE|ME, RO|MIL|MZ|MIH|CE, RO|AI|ME, RO|MIH, AO|MIL, RO|AI, EO|ES|EC|FI|MC|MIL|MIH|IC, 0, 0, 0, 0, 0, 0, 0, 0
#define CIR RO|II|CE|ME, RO|BI|CE|ME, RO|AI|CE|ME, RO|MIH|CE, AO|MIL, RO|AI|ME, RO|MIH, AO|MIL, RO|AI, EO|ES|EC|FI|MC|MIL|MIH|IC, 0, 0, 0, 0, 0, 0
#define CIV_Z0 RO|II|CE|ME, FF|ME, RO|BI|ME, RO|MIL|MZ|MIH, FF|ME, RO|AI|MC|MIL|MIH, EO|ES|EC|FI, CE|ME, CE|ME, CE|ME|IC, 0, 0, 0, 0, 0, 0
#define CIV_Z1 RO|II|CE|ME, FF|ME, RO|BI|ME, RO|MIL|MZ|MIH, FF|ME, RO|AI|MC|MIL|MIH, EO|ES|EC|FI, RO|BI|CE|ME, CE|ME, RO|MIL|MZ|MIH|CE, RO|AI, EO|ES|EC|FI|MC|MIL|MIH|IC, 0, 0, 0, 0
#define CIW_Z0 RO|II|CE|ME, FF|ME, RO|BI|ME, RO|AI|ME, RO|MIH, AO|MIL, FF|ME, RO|AI|MC|MIL|MIH, EO|ES|EC|FI, CE|ME, CE|ME, CE|ME, CE|ME|IC, 0, 0, 0
#define CIW_Z1 RO|II|CE|ME, FF|ME, RO|BI|ME, RO|AI|ME, RO|MIH, AO|MIL, FF|ME, RO|AI|MC|MIL|MIH, EO|ES|EC|FI, RO|BI|CE|ME, CE|ME, RO|AI|CE|ME, RO|MIH|CE, AO|MIL, RO|AI, EO|ES|EC|FI|MC|MIL|MIH|IC
#define CZZ RO|II|CE|ME, RO|MIL|MZ|MIH|CE, RO|BI|MC|MIL|MIH, RO|MIL|MZ|MIH|CE, RO|AI, EO|ES|EC|FI|MC|MIL|MIH|IC, 0, 0, 0, 0, 0, 0, 0, 0, 0, 0
#define CZT RO|II|CE|ME, RO|MIL|MZ|MIH|CE, RO|BI|MC|MIL|MIH, RO|MIL|MZ|MIH|CE, RO|AI|ME, RO|MIH, AO|MIL, RO|AI, EO|ES|EC|FI|MC|MIL|MIH|IC, 0, 0, 0, 0, 0, 0, 0
#define CBB RO|II|CE|ME, RO|BI|CE|ME, RO|MIH|CE, BO|MIL, RO|BI|MC|MIL|MIH, RO|AI|CE|ME, RO|MIH|CE, AO|MIL, RO|AI, EO|ES|EC|FI|MC|MIL|MIH|IC, 0, 0, 0, 0, 0, 0
#define CTZ RO|II|CE|ME, RO|MIL|MZ|MIH|CE, RO|AI|ME, RO|MIH, AO|MIL, RO|BI|MC|MIL|MIH, RO|MIL|MZ|MIH|CE, RO|AI, EO|ES|EC|FI|MC|MIL|MIH|IC, 0, 0, 0, 0, 0, 0, 0
#define CTT RO|II|CE|ME, RO|MIL|MZ|MIH|CE, RO|AI|ME, RO|MIH, AO|MIL, RO|BI|MC|MIL|MIH, RO|MIL|MZ|MIH|CE, RO|AI|ME, RO|MIH, AO|MIL, RO|AI, EO|ES|EC|FI|MC|MIL|MIH|IC, 0, 0, 0, 0
#define CVV_Z0 RO|II|CE|ME, RO|MIL|MZ|MIH, FF|ME, RO|BI|MC|MIL|MIH, FF|ME, RO|MIL|MZ|MIH, FF|ME, RO|AI|MC|MIL|MIH, EO|ES|EC|FI, CE|ME, CE|ME|IC, 0, 0, 0, 0, 0
#define CVV_Z1 RO|II|CE|ME, RO|MIL|MZ|MIH, FF|ME, RO|BI|MC|MIL|MIH, FF|ME, RO|MIL|MZ|MIH, FF|ME, RO|AI|MC|MIL|MIH, EO|ES|EC|FI, RO|MIL|MZ|MIH|CE, RO|BI|MC|MIL|MIH, RO|MIL|MZ|MIH|CE, RO|AI, EO|ES|EC|FI|MC|MIL|MIH|IC, 0, 0
#define ACI_C0 RO|II|CE|ME, RO|BI|CE|ME, EO|FI|AI|IC, 0, 0, 0, 0, 0, 0, 0, 0, 0, 0, 0, 0, 0
#define ACI_C1 RO|II|CE|ME, RO|BI|CE|ME, EO|EC|FI|AI|IC, 0, 0, 0, 0, 0, 0, 0, 0, 0, 0, 0, 0, 0
#define ACZ_C0 RO|II|CE|ME, RO|MIL|MZ|MIH|CE, RO|BI, EO|FI|AI|MC|MIL|MIH|IC, 0, 0, 0, 0, 0, 0, 0, 0, 0, 0, 0, 0
#define ACZ_C1 RO|II|CE|ME, RO|MIL|MZ|MIH|CE, RO|BI, EO|EC|FI|AI|MC|MIL|MIH|IC, 0, 0, 0, 0, 0, 0, 0, 0, 0, 0, 0, 0
#define AC_Z_C0 RO|II|CE|ME, RO|MIL|MZ|MIH|CE, RO|BI, EO|FI|RI|AI|MC|MIL|MIH|IC, 0, 0, 0, 0, 0, 0, 0, 0, 0, 0, 0, 0
#define AC_Z_C1 RO|II|CE|ME, RO|MIL|MZ|MIH|CE, RO|BI, EO|EC|FI|RI|AI|MC|MIL|MIH|IC, 0, 0, 0, 0, 0, 0, 0, 0, 0, 0, 0, 0
#define SCI_C0 RO|II|CE|ME, RO|BI|CE|ME, EO|ES|FI|AI|IC, 0, 0, 0, 0, 0, 0, 0, 0, 0, 0, 0, 0, 0
#define SCI_C1 RO|II|CE|ME, RO|BI|CE|ME, EO|ES|EC|FI|AI|IC, 0, 0, 0, 0, 0, 0, 0, 0, 0, 0, 0, 0, 0
#define SCZ_C0 RO|II|CE|ME, RO|MIL|MZ|MIH|CE, RO|BI, EO|ES|FI|AI|MC|MIL|MIH|IC, 0, 0, 0, 0, 0, 0, 0, 0, 0, 0, 0, 0
#define SCZ_C1 RO|II|CE|ME, RO|MIL|MZ|MIH|CE, RO|BI, EO|ES|EC|FI|AI|MC|MIL|MIH|IC, 0, 0, 0, 0, 0, 0, 0, 0, 0, 0, 0, 0
#define SC_Z_C0 RO|II|CE|ME, RO|MIL|MZ|MIH|CE, AO|BI, RO|AI, EO|ES|FI|RI|AI|MC|MIL|MIH|IC, 0, 0, 0, 0, 0, 0, 0, 0, 0, 0, 0
#define SC_Z_C1 RO|II|CE|ME, RO|MIL|MZ|MIH|CE, AO|BI, RO|AI, EO|ES|EC|FI|RI|AI|MC|MIL|MIH|IC, 0, 0, 0, 0, 0, 0, 0, 0, 0, 0, 0
#define OUT_T0 IO|AI, BO|AI, 0, 0, 0, 0, 0, EO|ES|EC|II|IC, 0, 0, 0, 0, 0, 0, 0, 0
#define OUT_T1 FI|IC, 0, 0, 0, 0, 0, 0, 0, 0, 0, 0, 0, 0, 0, 0, 0
#define RES IO|AI, BO|AI, 0, 0, 0, 0, 0, EO|ES|EC|II|FI|IC, 0, 0, 0, 0, 0, 0, 0, 0
