#define NOP RO|II|CE|ME, FF, FF, FF, FF, FF, FF, FF, FF, FF, FF, FF, FF, FF, FF, FF
#define OuT RO|II|CE|ME, MZ|AO|IC, 0, 0, 0, 0, 0, 0, 0, 0, 0, 0, 0, 0, 0, 0
#define INTx0xxx RO|II|CE|ME, FF|FI, MZ|AI|IC, 0, 0, 0, 0, 0, 0, 0, 0, 0, 0, 0, 0, 0
#define INTx1xxx RO|II|CE|ME, FF|FI, FF|AI|IC, 0, 0, 0, 0, 0, 0, 0, 0, 0, 0, 0, 0, 0
#define INK0xxxx RO|II|CE|ME, FF|FI, MZ|BI, BO|AI|IC, 0, 0, 0, 0, 0, 0, 0, 0, 0, 0, 0, 0
#define INK1xxxx RO|II|CE|ME, FF|FI, FF|AI|IC, 0, 0, 0, 0, 0, 0, 0, 0, 0, 0, 0, 0, 0
#define WIN00x0x RO|II|CE|ME, FF|BI|FI|IC, 0, 0, COH|AI, EO|CIH|MIH|IC, 0, 0, 0, 0, 0, 0, 0, 0, 0, 0
#define WIN00x1x RO|II|CE|ME, FF|BI|FI|IC, 0, 0, FF|IC, 0, 0, 0, 0, 0, 0, 0, 0, 0, 0, 0
#define WIN01x0x RO|II|CE|ME, FF|BI|FI|IC, 0, 0, COH|AI, EO|CIH|MIH|IC, 0, 0, 0, 0, 0, 0, 0, 0, 0, 0
#define WIN01x1x RO|II|CE|ME, FF|BI|FI|IC, 0, 0, FF|IC, 0, 0, 0, 0, 0, 0, 0, 0, 0, 0, 0
#define WIN10x0x RO|II|CE|ME, FF|BI|FI|IC, 0, 0, COH|AI, EO|CIH|MIH|IC, 0, 0, 0, 0, 0, 0, 0, 0, 0, 0
#define WIN10x1x RO|II|CE|ME, FF|BI|FI|IC, 0, 0, FF|IC, 0, 0, 0, 0, 0, 0, 0, 0, 0, 0, 0
#define WIN11x0x RO|II|CE|ME, FF|BI|FI, COL|AI, EO|FI|CIL|MIL, COH|AI, EO|CIH|MIH|IC, 0, 0, 0, 0, 0, 0, 0, 0, 0, 0
#define WIN11x1x RO|II|CE|ME, FF|BI|FI, COL|AI, EO|FI|CIL|MIL, FF|IC, 0, 0, 0, 0, 0, 0, 0, 0, 0, 0, 0
#define SEC RO|II|CE|ME, AO|BI, EO|ES|EC|FI|IC, 0, 0, 0, 0, 0, 0, 0, 0, 0, 0, 0, 0, 0
#define CLC RO|II|CE|ME, AO|BI, EO|ES|FI|IC, 0, 0, 0, 0, 0, 0, 0, 0, 0, 0, 0, 0, 0
#define LL0 RO|II|CE|ME, FF|IC, 0, 0, 0, 0, 0, 0, 0, 0, 0, 0, 0, 0, 0, 0
#define LL1 RO|II|CE|ME, AO|BI, EO|FI|AI|IC, 0, 0, 0, 0, 0, 0, 0, 0, 0, 0, 0, 0, 0
#define LL2 RO|II|CE|ME, AO|BI, EO|AI|BI, EO|FI|AI|IC, 0, 0, 0, 0, 0, 0, 0, 0, 0, 0, 0, 0
#define LL3 RO|II|CE|ME, AO|BI, EO|AI|BI, EO|AI|BI, EO|FI|AI|IC, 0, 0, 0, 0, 0, 0, 0, 0, 0, 0, 0
#define LL4 RO|II|CE|ME, AO|BI, EO|AI|BI, EO|AI|BI, EO|AI|BI, EO|FI|AI|IC, 0, 0, 0, 0, 0, 0, 0, 0, 0, 0
#define LL5 RO|II|CE|ME, AO|BI, EO|AI|BI, EO|AI|BI, EO|AI|BI, EO|AI|BI, EO|FI|AI|IC, 0, 0, 0, 0, 0, 0, 0, 0, 0
#define LL6 RO|II|CE|ME, AO|BI, EO|AI|BI, EO|AI|BI, EO|AI|BI, EO|AI|BI, EO|AI|BI, EO|FI|AI|IC, 0, 0, 0, 0, 0, 0, 0, 0
#define LL7 RO|II|CE|ME, AO|BI, EO|AI|BI, EO|AI|BI, EO|AI|BI, EO|AI|BI, EO|AI|BI, EO|AI|BI, EO|FI|AI|IC, 0, 0, 0, 0, 0, 0, 0
#define RL0 RO|II|CE|ME, FF|IC, 0, 0, 0, 0, 0, 0, 0, 0, 0, 0, 0, 0, 0, 0
#define RL1xxx0x RO|II|CE|ME, AO|BI, EO|FI|AI|IC, 0, 0, 0, 0, 0, 0, 0, 0, 0, 0, 0, 0, 0
#define RL1xxx1x RO|II|CE|ME, AO|BI, EO|EC|FI|AI|IC, 0, 0, 0, 0, 0, 0, 0, 0, 0, 0, 0, 0, 0
#define RL2xxx0x RO|II|CE|ME, AO|BI, EO|FI|AI|BI, EO|FI|AI|BI|IC, 0, 0, 0, 0, 0, 0, 0, 0, 0, 0, 0, 0
#define RL2xxx1x RO|II|CE|ME, AO|BI, EO|EC|FI|AI|BI, EO|EC|FI|AI|BI|IC, 0, 0, 0, 0, 0, 0, 0, 0, 0, 0, 0, 0
#define RL3xxx0x RO|II|CE|ME, AO|BI, EO|FI|AI|BI, EO|FI|AI|BI, EO|FI|AI|BI|IC, 0, 0, 0, 0, 0, 0, 0, 0, 0, 0, 0
#define RL3xxx1x RO|II|CE|ME, AO|BI, EO|EC|FI|AI|BI, EO|EC|FI|AI|BI, EO|EC|FI|AI|BI|IC, 0, 0, 0, 0, 0, 0, 0, 0, 0, 0, 0
#define RL4xxx0x RO|II|CE|ME, AO|BI, EO|FI|AI|BI, EO|FI|AI|BI, EO|FI|AI|BI, EO|FI|AI|BI|IC, 0, 0, 0, 0, 0, 0, 0, 0, 0, 0
#define RL4xxx1x RO|II|CE|ME, AO|BI, EO|EC|FI|AI|BI, EO|EC|FI|AI|BI, EO|EC|FI|AI|BI, EO|EC|FI|AI|BI|IC, 0, 0, 0, 0, 0, 0, 0, 0, 0, 0
#define RL5xxx0x RO|II|CE|ME, AO|BI, EO|FI|AI|BI, EO|FI|AI|BI, EO|FI|AI|BI, EO|FI|AI|BI, EO|FI|AI|BI|IC, 0, 0, 0, 0, 0, 0, 0, 0, 0
#define RL5xxx1x RO|II|CE|ME, AO|BI, EO|EC|FI|AI|BI, EO|EC|FI|AI|BI, EO|EC|FI|AI|BI, EO|EC|FI|AI|BI, EO|EC|FI|AI|BI|IC, 0, 0, 0, 0, 0, 0, 0, 0, 0
#define RL6xxx0x RO|II|CE|ME, AO|BI, EO|FI|AI|BI, EO|FI|AI|BI, EO|FI|AI|BI, EO|FI|AI|BI, EO|FI|AI|BI, EO|FI|AI|BI|IC, 0, 0, 0, 0, 0, 0, 0, 0
#define RL6xxx1x RO|II|CE|ME, AO|BI, EO|EC|FI|AI|BI, EO|EC|FI|AI|BI, EO|EC|FI|AI|BI, EO|EC|FI|AI|BI, EO|EC|FI|AI|BI, EO|EC|FI|AI|BI|IC, 0, 0, 0, 0, 0, 0, 0, 0
#define RL7xxx0x RO|II|CE|ME, AO|BI, EO|FI|AI|BI, EO|FI|AI|BI, EO|FI|AI|BI, EO|FI|AI|BI, EO|FI|AI|BI, EO|FI|AI|BI, EO|FI|AI|BI|IC, 0, 0, 0, 0, 0, 0, 0
#define RL7xxx1x RO|II|CE|ME, AO|BI, EO|EC|FI|AI|BI, EO|EC|FI|AI|BI, EO|EC|FI|AI|BI, EO|EC|FI|AI|BI, EO|EC|FI|AI|BI, EO|EC|FI|AI|BI, EO|EC|FI|AI|BI|IC, 0, 0, 0, 0, 0, 0, 0
#define RR1xxx0x RO|II|CE|ME, AO|BI, EO|FI|AI|BI, EO|FI|AI|BI, EO|FI|AI|BI, EO|FI|AI|BI, EO|FI|AI|BI, EO|FI|AI|BI, EO|FI|AI|BI, EO|FI|AI|BI|IC, 0, 0, 0, 0, 0, 0
#define RR1xxx1x RO|II|CE|ME, AO|BI, EO|EC|FI|AI|BI, EO|EC|FI|AI|BI, EO|EC|FI|AI|BI, EO|EC|FI|AI|BI, EO|EC|FI|AI|BI, EO|EC|FI|AI|BI, EO|EC|FI|AI|BI, EO|EC|FI|AI|BI|IC, 0, 0, 0, 0, 0, 0
#define LR0 RO|II|CE|ME, FF|IC, 0, 0, 0, 0, 0, 0, 0, 0, 0, 0, 0, 0, 0, 0
#define LR1xxx0x RO|II|CE|ME, AO|BI, EO|FI|AI|BI, EO|FI|AI|BI, EO|FI|AI|BI, EO|FI|AI|BI, EO|FI|AI|BI, EO|FI|AI|BI, EO|FI|AI|BI, EO|FI|AI|BI|IC, 0, 0, 0, 0, 0, 0
#define LR1xxx1x RO|II|CE|ME, AO|BI, EO|FI|AI|BI, EO|EC|FI|AI|BI, EO|EC|FI|AI|BI, EO|EC|FI|AI|BI, EO|EC|FI|AI|BI, EO|EC|FI|AI|BI, EO|EC|FI|AI|BI, EO|EC|FI|AI|BI|IC, 0, 0, 0, 0, 0, 0
#define LR2xxx0x RO|II|CE|ME, FF|MIL|MZ|MIH, AO|RI, FF|AI|BI, EO|AI|BI, EO|AI|BI, RO|AI, ES|AI|BI, EO|FI|AI|BI, EO|FI|AI|BI, EO|FI|AI|BI, EO|FI|AI|BI, EO|FI|AI|BI, EO|FI|AI|BI, EO|FI|AI|MC|MIL|MIH|IC, 0
#define LR2xxx1x RO|II|CE|ME, FF|MIL|MZ|MIH, AO|RI, FF|AI|BI, EO|AI|BI, EO|AI|BI, RO|AI, ES|AI|BI, EO|FI|AI|BI, EO|EC|FI|AI|BI, EO|EC|FI|AI|BI, EO|EC|FI|AI|BI, EO|EC|FI|AI|BI, EO|EC|FI|AI|BI, EO|EC|FI|AI|MC|MIL|MIH|IC, 0
#define LR3xxx0x RO|II|CE|ME, FF|MIL|MZ|MIH, AO|RI, FF|AI|BI, EO|AI|BI, EO|AI|BI, EO|AI|BI, RO|AI, ES|AI|BI, EO|FI|AI|BI, EO|FI|AI|BI, EO|FI|AI|BI, EO|FI|AI|BI, EO|FI|AI|BI, EO|FI|AI|MC|MIL|MIH|IC, 0
#define LR3xxx1x RO|II|CE|ME, FF|MIL|MZ|MIH, AO|RI, FF|AI|BI, EO|AI|BI, EO|AI|BI, EO|AI|BI, RO|AI, ES|AI|BI, EO|FI|AI|BI, EO|EC|FI|AI|BI, EO|EC|FI|AI|BI, EO|EC|FI|AI|BI, EO|EC|FI|AI|BI, EO|EC|FI|AI|MC|MIL|MIH|IC, 0
#define LR4xxx0x RO|II|CE|ME, FF|MIL|MZ|MIH, AO|RI, FF|AI|BI, EO|AI|BI, EO|AI|BI, EO|AI|BI, EO|AI|BI, RO|AI, ES|AI|BI, EO|FI|AI|BI, EO|FI|AI|BI, EO|FI|AI|BI, EO|FI|AI|BI, EO|FI|AI|MC|MIL|MIH|IC, 0
#define LR4xxx1x RO|II|CE|ME, FF|MIL|MZ|MIH, AO|RI, FF|AI|BI, EO|AI|BI, EO|AI|BI, EO|AI|BI, EO|AI|BI, RO|AI, ES|AI|BI, EO|FI|AI|BI, EO|EC|FI|AI|BI, EO|EC|FI|AI|BI, EO|EC|FI|AI|BI, EO|EC|FI|AI|MC|MIL|MIH|IC, 0
#define LR5xxx0x RO|II|CE|ME, FF|MIL|MZ|MIH, AO|RI, FF|AI|BI, EO|AI|BI, EO|AI|BI, EO|AI|BI, EO|AI|BI, EO|AI|BI, RO|AI, ES|AI|BI, EO|FI|AI|BI, EO|FI|AI|BI, EO|FI|AI|BI, EO|FI|AI|MC|MIL|MIH|IC, 0
#define LR5xxx1x RO|II|CE|ME, FF|MIL|MZ|MIH, AO|RI, FF|AI|BI, EO|AI|BI, EO|AI|BI, EO|AI|BI, EO|AI|BI, EO|AI|BI, RO|AI, ES|AI|BI, EO|FI|AI|BI, EO|EC|FI|AI|BI, EO|EC|FI|AI|BI, EO|EC|FI|AI|MC|MIL|MIH|IC, 0
#define LR6xxx0x RO|II|CE|ME, AO|BI, EO|FI|AI|BI, EO|FI|AI|BI, EO|FI|AI, FF|MIL|MZ|MIH, AO|RI, FF|AI|BI, EO|ES|EC|AI|BI, EO|EC|AI|BI, EO|EC|BI, RO|AI, ES|AI|MC|MIL|MIH|IC, 0, 0, 0
#define LR6xxx1x RO|II|CE|ME, AO|BI, EO|FI|AI|BI, EO|EC|FI|AI|BI, EO|EC|FI|AI, FF|MIL|MZ|MIH, AO|RI, FF|AI|BI, EO|ES|EC|AI|BI, EO|EC|AI|BI, EO|EC|BI, RO|AI, ES|AI|MC|MIL|MIH|IC, 0, 0, 0
#define LR7xxx0x RO|II|CE|ME, AO|BI, FF|AI|BI|FI, EO|ES|EC|AI|BI, EO|AI|IC, 0, 0, 0, 0, 0, 0, 0, 0, 0, 0, 0
#define LR7xxx1x RO|II|CE|ME, AO|BI, FF|AI|BI|FI, EO|ES|EC|AI|BI, EO|EC|AI|IC, 0, 0, 0, 0, 0, 0, 0, 0, 0, 0, 0
#define LLZ RO|II|CE|ME, RO|MIL|MZ|MIH|CE, RO|AI|BI, EO|FI|RI|AI|MC|MIL|MIH|IC, 0, 0, 0, 0, 0, 0, 0, 0, 0, 0, 0, 0
#define LLB RO|II|CE|ME, RO|BI|CE|ME, RO|MIH|CE, BO|MIL, RO|AI|BI, EO|FI|RI|AI|MC|MIL|MIH|IC, 0, 0, 0, 0, 0, 0, 0, 0, 0, 0
#define LLVxxx0x RO|II|CE|ME, RO|MIL|MZ|MIH|CE, RO|AI|BI, EO|FI|RI|ME, RO|AI|BI, EO|FI|RI|AI|MC|MIL|MIH|IC, 0, 0, 0, 0, 0, 0, 0, 0, 0, 0
#define LLVxxx1x RO|II|CE|ME, RO|MIL|MZ|MIH|CE, RO|AI|BI, EO|FI|RI|ME, RO|AI|BI, EO|EC|FI|RI|AI|MC|MIL|MIH|IC, 0, 0, 0, 0, 0, 0, 0, 0, 0, 0
#define LLWxxx0x RO|II|CE|ME, RO|BI|CE|ME, RO|MIH|CE, BO|MIL, RO|AI|BI, EO|FI|RI|ME, RO|AI|BI, EO|FI|RI|AI|MC|MIL|MIH|IC, 0, 0, 0, 0, 0, 0, 0, 0
#define LLWxxx1x RO|II|CE|ME, RO|BI|CE|ME, RO|MIH|CE, BO|MIL, RO|AI|BI, EO|FI|RI|ME, RO|AI|BI, EO|EC|FI|RI|AI|MC|MIL|MIH|IC, 0, 0, 0, 0, 0, 0, 0, 0
#define LLQxxx0x RO|II|CE|ME, RO|MIL|MZ|MIH|CE, RO|AI|BI, EO|FI|RI|ME, RO|AI|BI, EO|FI|RI|ME, RO|AI|BI, EO|FI|RI|ME, RO|AI|BI, EO|FI|RI|AI|MC|MIL|MIH|IC, 0, 0, 0, 0, 0, 0
#define LLQxxx1x RO|II|CE|ME, RO|MIL|MZ|MIH|CE, RO|AI|BI, EO|FI|RI|ME, RO|AI|BI, EO|EC|FI|RI|ME, RO|AI|BI, EO|EC|FI|RI|ME, RO|AI|BI, EO|EC|FI|RI|AI|MC|MIL|MIH|IC, 0, 0, 0, 0, 0, 0
#define LLLxxx0x RO|II|CE|ME, RO|BI|CE|ME, RO|MIH|CE, BO|MIL, RO|AI|BI, EO|FI|RI|ME, RO|AI|BI, EO|FI|RI|ME, RO|AI|BI, EO|FI|RI|ME, RO|AI|BI, EO|FI|RI|AI|MC|MIL|MIH|IC, 0, 0, 0, 0
#define LLLxxx1x RO|II|CE|ME, RO|BI|CE|ME, RO|MIH|CE, BO|MIL, RO|AI|BI, EO|FI|RI|ME, RO|AI|BI, EO|EC|FI|RI|ME, RO|AI|BI, EO|EC|FI|RI|ME, RO|AI|BI, EO|EC|FI|RI|AI|MC|MIL|MIH|IC, 0, 0, 0, 0
#define LRZxxx0x RO|II|CE|ME, RO|MIL|MZ|MIH|CE, RO|AI|BI, EO|FI|AI|BI, EO|FI|AI|BI, EO|FI|AI|BI, EO|FI|AI|BI, EO|FI|AI|BI, EO|FI|AI|BI, EO|FI|AI|BI, EO|FI|RI|AI|MC|MIL|MIH|IC, 0, 0, 0, 0, 0
#define LRZxxx1x RO|II|CE|ME, RO|MIL|MZ|MIH|CE, RO|AI|BI, EO|FI|AI|BI, EO|EC|FI|AI|BI, EO|EC|FI|AI|BI, EO|EC|FI|AI|BI, EO|EC|FI|AI|BI, EO|EC|FI|AI|BI, EO|EC|FI|AI|BI, EO|EC|FI|RI|AI|MC|MIL|MIH|IC, 0, 0, 0, 0, 0
#define LRBxxx0x RO|II|CE|ME, RO|BI|CE|ME, RO|MIH|CE, BO|MIL, RO|AI|BI, EO|FI|AI|BI, EO|FI|AI|BI, EO|FI|AI|BI, EO|FI|AI|BI, EO|FI|AI|BI, EO|FI|AI|BI, EO|FI|AI|BI, EO|FI|RI|AI|MC|MIL|MIH|IC, 0, 0, 0
#define LRBxxx1x RO|II|CE|ME, RO|BI|CE|ME, RO|MIH|CE, BO|MIL, RO|AI|BI, EO|FI|AI|BI, EO|EC|FI|AI|BI, EO|EC|FI|AI|BI, EO|EC|FI|AI|BI, EO|EC|FI|AI|BI, EO|EC|FI|AI|BI, EO|EC|FI|AI|BI, EO|EC|FI|RI|AI|MC|MIL|MIH|IC, 0, 0, 0
#define RLZxxx0x RO|II|CE|ME, RO|MIL|MZ|MIH|CE, RO|AI|BI, EO|FI|RI|AI|MC|MIL|MIH|IC, 0, 0, 0, 0, 0, 0, 0, 0, 0, 0, 0, 0
#define RLZxxx1x RO|II|CE|ME, RO|MIL|MZ|MIH|CE, RO|AI|BI, EO|EC|FI|RI|AI|MC|MIL|MIH|IC, 0, 0, 0, 0, 0, 0, 0, 0, 0, 0, 0, 0
#define RLBxxx0x RO|II|CE|ME, RO|BI|CE|ME, RO|MIH|CE, BO|MIL, RO|AI|BI, EO|FI|RI|AI|MC|MIL|MIH|IC, 0, 0, 0, 0, 0, 0, 0, 0, 0, 0
#define RLBxxx1x RO|II|CE|ME, RO|BI|CE|ME, RO|MIH|CE, BO|MIL, RO|AI|BI, EO|EC|FI|RI|AI|MC|MIL|MIH|IC, 0, 0, 0, 0, 0, 0, 0, 0, 0, 0
#define RLVxxx0x RO|II|CE|ME, RO|MIL|MZ|MIH|CE, RO|AI|BI, EO|FI|RI|ME, RO|AI|BI, EO|FI|RI|AI|MC|MIL|MIH|IC, 0, 0, 0, 0, 0, 0, 0, 0, 0, 0
#define RLVxxx1x RO|II|CE|ME, RO|MIL|MZ|MIH|CE, RO|AI|BI, EO|EC|FI|RI|ME, RO|AI|BI, EO|EC|FI|RI|AI|MC|MIL|MIH|IC, 0, 0, 0, 0, 0, 0, 0, 0, 0, 0
#define RLWxxx0x RO|II|CE|ME, RO|BI|CE|ME, RO|MIH|CE, BO|MIL, RO|AI|BI, EO|FI|RI|ME, RO|AI|BI, EO|FI|RI|AI|MC|MIL|MIH|IC, 0, 0, 0, 0, 0, 0, 0, 0
#define RLWxxx1x RO|II|CE|ME, RO|BI|CE|ME, RO|MIH|CE, BO|MIL, RO|AI|BI, EO|EC|FI|RI|ME, RO|AI|BI, EO|EC|FI|RI|AI|MC|MIL|MIH|IC, 0, 0, 0, 0, 0, 0, 0, 0
#define RLQxxx0x RO|II|CE|ME, RO|MIL|MZ|MIH|CE, RO|AI|BI, EO|FI|RI|ME, RO|AI|BI, EO|FI|RI|ME, RO|AI|BI, EO|FI|RI|ME, RO|AI|BI, EO|FI|RI|AI|MC|MIL|MIH|IC, 0, 0, 0, 0, 0, 0
#define RLQxxx1x RO|II|CE|ME, RO|MIL|MZ|MIH|CE, RO|AI|BI, EO|EC|FI|RI|ME, RO|AI|BI, EO|EC|FI|RI|ME, RO|AI|BI, EO|EC|FI|RI|ME, RO|AI|BI, EO|EC|FI|RI|AI|MC|MIL|MIH|IC, 0, 0, 0, 0, 0, 0
#define RLLxxx0x RO|II|CE|ME, RO|BI|CE|ME, RO|MIH|CE, BO|MIL, RO|AI|BI, EO|FI|RI|ME, RO|AI|BI, EO|FI|RI|ME, RO|AI|BI, EO|FI|RI|ME, RO|AI|BI, EO|FI|RI|AI|MC|MIL|MIH|IC, 0, 0, 0, 0
#define RLLxxx1x RO|II|CE|ME, RO|BI|CE|ME, RO|MIH|CE, BO|MIL, RO|AI|BI, EO|EC|FI|RI|ME, RO|AI|BI, EO|EC|FI|RI|ME, RO|AI|BI, EO|EC|FI|RI|ME, RO|AI|BI, EO|EC|FI|RI|AI|MC|MIL|MIH|IC, 0, 0, 0, 0
#define RRZxxx0x RO|II|CE|ME, RO|MIL|MZ|MIH|CE, RO|AI|BI, EO|FI|AI|BI, EO|FI|AI|BI, EO|FI|AI|BI, EO|FI|AI|BI, EO|FI|AI|BI, EO|FI|AI|BI, EO|FI|AI|BI, EO|FI|RI|AI|MC|MIL|MIH|IC, 0, 0, 0, 0, 0
#define RRZxxx1x RO|II|CE|ME, RO|MIL|MZ|MIH|CE, RO|AI|BI, EO|EC|FI|AI|BI, EO|EC|FI|AI|BI, EO|EC|FI|AI|BI, EO|EC|FI|AI|BI, EO|EC|FI|AI|BI, EO|EC|FI|AI|BI, EO|EC|FI|AI|BI, EO|EC|FI|RI|AI|MC|MIL|MIH|IC, 0, 0, 0, 0, 0
#define RRBxxx0x RO|II|CE|ME, RO|BI|CE|ME, RO|MIH|CE, BO|MIL, RO|AI|BI, EO|FI|AI|BI, EO|FI|AI|BI, EO|FI|AI|BI, EO|FI|AI|BI, EO|FI|AI|BI, EO|FI|AI|BI, EO|FI|AI|BI, EO|FI|RI|AI|MC|MIL|MIH|IC, 0, 0, 0
#define RRBxxx1x RO|II|CE|ME, RO|BI|CE|ME, RO|MIH|CE, BO|MIL, RO|AI|BI, EO|EC|FI|AI|BI, EO|EC|FI|AI|BI, EO|EC|FI|AI|BI, EO|EC|FI|AI|BI, EO|EC|FI|AI|BI, EO|EC|FI|AI|BI, EO|EC|FI|AI|BI, EO|EC|FI|RI|AI|MC|MIL|MIH|IC, 0, 0, 0
#define NOT RO|II|CE|ME, AO|BI, FF|AI, EO|ES|EC|AI|IC, 0, 0, 0, 0, 0, 0, 0, 0, 0, 0, 0, 0
#define NOZ RO|II|CE|ME, RO|MIL|MZ|MIH|CE, RO|BI, FF|AI, EO|ES|EC|AI|RI|MC|MIL|MIH|IC, 0, 0, 0, 0, 0, 0, 0, 0, 0, 0, 0
#define NOB RO|II|CE|ME, RO|BI|CE|ME, RO|MIH|CE, BO|MIL, RO|BI, FF|AI, EO|ES|EC|RI|AI|MC|MIL|MIH|IC, 0, 0, 0, 0, 0, 0, 0, 0, 0
#define NOV RO|II|CE|ME, RO|MIL|MZ|MIH|CE, RO|BI, FF|AI, EO|ES|EC|RI|ME, RO|BI, EO|ES|EC|RI|AI|MC|MIL|MIH|IC, 0, 0, 0, 0, 0, 0, 0, 0, 0
#define NOW RO|II|CE|ME, RO|BI|CE|ME, RO|MIH|CE, BO|MIL, RO|BI, FF|AI, EO|ES|EC|RI|ME, RO|BI, EO|ES|EC|RI|AI|MC|MIL|MIH|IC, 0, 0, 0, 0, 0, 0, 0
#define NOQ RO|II|CE|ME, RO|MIL|MZ|MIH|CE, RO|BI, FF|AI, EO|ES|EC|RI|ME, RO|BI, EO|ES|EC|RI|ME, RO|BI, EO|ES|EC|RI|ME, RO|BI, EO|ES|EC|RI|AI|MC|MIL|MIH|IC, 0, 0, 0, 0, 0
#define NOL RO|II|CE|ME, RO|BI|CE|ME, RO|MIH|CE, BO|MIL, RO|BI, FF|AI, EO|ES|EC|RI|ME, RO|BI, EO|ES|EC|RI|ME, RO|BI, EO|ES|EC|RI|ME, RO|BI, EO|ES|EC|RI|AI|MC|MIL|MIH|IC, 0, 0, 0
#define NEG RO|II|CE|ME, AO|BI, EO|ES|EC|AI, EO|ES|EC|FI|AI|IC, 0, 0, 0, 0, 0, 0, 0, 0, 0, 0, 0, 0
#define NEZ RO|II|CE|ME, RO|MIL|MZ|MIH|CE, RO|AI|BI, EO|ES|EC|AI, EO|ES|EC|FI|AI|RI|MC|MIL|MIH|IC, 0, 0, 0, 0, 0, 0, 0, 0, 0, 0, 0
#define NEB RO|II|CE|ME, RO|BI|CE|ME, RO|MIH|CE, BO|MIL, RO|AI|BI, EO|ES|EC|AI, EO|ES|EC|FI|RI|AI|MC|MIL|MIH|IC, 0, 0, 0, 0, 0, 0, 0, 0, 0
#define NEVxxx0x RO|II|CE|ME, RO|MIL|MZ|MIH|CE, RO|AI|BI, EO|ES|EC|AI, EO|ES|EC|FI|RI|ME, RO|BI, EO|ES|FI|RI|AI|MC|MIL|MIH|IC, 0, 0, 0, 0, 0, 0, 0, 0, 0
#define NEVxxx1x RO|II|CE|ME, RO|MIL|MZ|MIH|CE, RO|AI|BI, EO|ES|EC|AI, EO|ES|EC|FI|RI|ME, RO|BI, EO|ES|EC|FI|RI|AI|MC|MIL|MIH|IC, 0, 0, 0, 0, 0, 0, 0, 0, 0
#define NEWxxx0x RO|II|CE|ME, RO|BI|CE|ME, RO|MIH|CE, BO|MIL, RO|AI|BI, EO|ES|EC|AI, EO|ES|EC|FI|RI|ME, RO|BI, EO|ES|FI|RI|AI|MC|MIL|MIH|IC, 0, 0, 0, 0, 0, 0, 0
#define NEWxxx1x RO|II|CE|ME, RO|BI|CE|ME, RO|MIH|CE, BO|MIL, RO|AI|BI, EO|ES|EC|AI, EO|ES|EC|FI|RI|ME, RO|BI, EO|ES|EC|FI|RI|AI|MC|MIL|MIH|IC, 0, 0, 0, 0, 0, 0, 0
#define NEQxxx0x RO|II|CE|ME, RO|MIL|MZ|MIH|CE, RO|AI|BI, EO|ES|EC|AI, EO|ES|EC|FI|RI|ME, RO|BI, EO|ES|FI|RI|ME, RO|BI, EO|ES|FI|RI|ME, RO|BI, EO|ES|FI|RI|AI|MC|MIL|MIH|IC, 0, 0, 0, 0, 0
#define NEQxxx1x RO|II|CE|ME, RO|MIL|MZ|MIH|CE, RO|AI|BI, EO|ES|EC|AI, EO|ES|EC|FI|RI|ME, RO|BI, EO|ES|EC|FI|RI|ME, RO|BI, EO|ES|EC|FI|RI|ME, RO|BI, EO|ES|EC|FI|RI|AI|MC|MIL|MIH|IC, 0, 0, 0, 0, 0
#define NELxxx0x RO|II|CE|ME, RO|BI|CE|ME, RO|MIH|CE, BO|MIL, RO|AI|BI, EO|ES|EC|AI, EO|ES|EC|FI|RI|ME, RO|BI, EO|ES|FI|RI|ME, RO|BI, EO|ES|FI|RI|ME, RO|BI, EO|ES|FI|RI|AI|MC|MIL|MIH|IC, 0, 0, 0
#define NELxxx1x RO|II|CE|ME, RO|BI|CE|ME, RO|MIH|CE, BO|MIL, RO|AI|BI, EO|ES|EC|AI, EO|ES|EC|FI|RI|ME, RO|BI, EO|ES|EC|FI|RI|ME, RO|BI, EO|ES|EC|FI|RI|ME, RO|BI, EO|ES|EC|FI|RI|AI|MC|MIL|MIH|IC, 0, 0, 0
#define ANI RO|II|CE|ME, RO|BI|CE|ME, ES|AI|IC, 0, 0, 0, 0, 0, 0, 0, 0, 0, 0, 0, 0, 0
#define ANZ RO|II|CE|ME, RO|MIL|MZ|MIH|CE, RO|BI, ES|AI|MC|MIL|MIH|IC, 0, 0, 0, 0, 0, 0, 0, 0, 0, 0, 0, 0
#define ANB RO|II|CE|ME, RO|BI|CE|ME, RO|MIH|CE, BO|MIL, RO|BI, ES|AI|MC|MIL|MIH|IC, 0, 0, 0, 0, 0, 0, 0, 0, 0, 0
#define ANT RO|II|CE|ME, RO|MIL|MZ|MIH|CE, RO|BI|ME, RO|MIH, BO|MIL, RO|BI, ES|AI|MC|MIL|MIH|IC, 0, 0, 0, 0, 0, 0, 0, 0, 0
#define ANR RO|II|CE|ME, RO|BI|CE|ME, RO|MIH|CE, BO|MIL, RO|BI|ME, RO|MIH, BO|MIL, RO|BI, ES|AI|MC|MIL|MIH|IC, 0, 0, 0, 0, 0, 0, 0
#define AN_Z RO|II|CE|ME, RO|MIL|MZ|MIH|CE, RO|BI, ES|AI|RI|MC|MIL|MIH|IC, 0, 0, 0, 0, 0, 0, 0, 0, 0, 0, 0, 0
#define AN_B RO|II|CE|ME, RO|BI|CE|ME, RO|MIH|CE, BO|MIL, RO|BI, ES|RI|AI|MC|MIL|MIH|IC, 0, 0, 0, 0, 0, 0, 0, 0, 0, 0
#define ORI RO|II|CE|ME, RO|BI|CE|ME, EC|AI|IC, 0, 0, 0, 0, 0, 0, 0, 0, 0, 0, 0, 0, 0
#define ORZ RO|II|CE|ME, RO|MIL|MZ|MIH|CE, RO|BI, EC|AI|MC|MIL|MIH|IC, 0, 0, 0, 0, 0, 0, 0, 0, 0, 0, 0, 0
#define ORB RO|II|CE|ME, RO|BI|CE|ME, RO|MIH|CE, BO|MIL, RO|BI, EC|AI|MC|MIL|MIH|IC, 0, 0, 0, 0, 0, 0, 0, 0, 0, 0
#define ORT RO|II|CE|ME, RO|MIL|MZ|MIH|CE, RO|BI|ME, RO|MIH, BO|MIL, RO|BI, EC|AI|MC|MIL|MIH|IC, 0, 0, 0, 0, 0, 0, 0, 0, 0
#define ORR RO|II|CE|ME, RO|BI|CE|ME, RO|MIH|CE, BO|MIL, RO|BI|ME, RO|MIH, BO|MIL, RO|BI, EC|AI|MC|MIL|MIH|IC, 0, 0, 0, 0, 0, 0, 0
#define OR_Z RO|II|CE|ME, RO|MIL|MZ|MIH|CE, RO|BI, EC|AI|RI|MC|MIL|MIH|IC, 0, 0, 0, 0, 0, 0, 0, 0, 0, 0, 0, 0
#define OR_B RO|II|CE|ME, RO|BI|CE|ME, RO|MIH|CE, BO|MIL, RO|BI, EC|RI|AI|MC|MIL|MIH|IC, 0, 0, 0, 0, 0, 0, 0, 0, 0, 0
#define XRI RO|II|CE|ME, RO|BI|CE|ME, FF|MIL|MZ|MIH, EC|RI, ES|BI, FF|AI, EO|ES|EC|BI, RO|AI, ES|AI|MC|MIL|MIH|IC, 0, 0, 0, 0, 0, 0, 0
#define XRZ RO|II|CE|ME, RO|MIL|MZ|MIH|CE, RO|BI, FF|MIL, EC|RI, ES|BI, FF|AI, EO|ES|EC|BI, RO|AI, ES|AI|MC|MIL|MIH|IC, 0, 0, 0, 0, 0, 0
#define XRB RO|II|CE|ME, RO|BI|CE|ME, RO|MIH|CE, BO|MIL, RO|BI, FF|MIL|MZ|MIH, EC|RI, ES|BI, FF|AI, EO|ES|EC|BI, RO|AI, ES|AI|MC|MIL|MIH|IC, 0, 0, 0, 0
#define XRT RO|II|CE|ME, RO|MIL|MZ|MIH|CE, RO|BI|ME, RO|MIH, BO|MIL, RO|BI, FF|MIL|MZ|MIH, EC|RI, ES|BI, FF|AI, EO|ES|EC|BI, RO|AI, ES|AI|MC|MIL|MIH|IC, 0, 0, 0
#define XRR RO|II|CE|ME, RO|BI|CE|ME, RO|MIH|CE, BO|MIL, RO|BI|ME, RO|MIH, BO|MIL, RO|BI, FF|MIL|MZ|MIH, EC|RI, ES|BI, FF|AI, EO|ES|EC|BI, RO|AI, ES|AI|MC|MIL|MIH|IC, 0
#define XR_Z RO|II|CE|ME, RO|MIL|MZ|MIH|CE, RO|BI, EC|RI, ES|BI, FF|AI, EO|ES|EC|BI, RO|AI, ES|AI|RI|MC|MIL|MIH|IC, 0, 0, 0, 0, 0, 0, 0
#define XR_B RO|II|CE|ME, RO|BI|CE|ME, RO|MIH|CE, BO|MIL, RO|BI, EC|RI, ES|BI, FF|AI, EO|ES|EC|BI, RO|AI, ES|RI|AI|MC|MIL|MIH|IC, 0, 0, 0, 0, 0
#define F__ RO|II|CE|ME, FF|CE|ME|IC, 0, 0, 0, 0, 0, 0, 0, 0, 0, 0, 0, 0, 0, 0
#define FPA RO|II|CE|ME, RO|CIL|MIL|IC, 0, 0, 0, 0, 0, 0, 0, 0, 0, 0, 0, 0, 0, 0
#define J__ RO|II|CE|ME, FF|CE|ME, FF|CE|ME|IC, 0, 0, 0, 0, 0, 0, 0, 0, 0, 0, 0, 0, 0
#define JPA RO|II|CE|ME, RO|CIL|ME, RO|CIH, FF|MC|MIL|MIH|IC, 0, 0, 0, 0, 0, 0, 0, 0, 0, 0, 0, 0
#define JPR RO|II|CE|ME, RO|BI|CE|ME, RO|MIH|CE, BO|MIL, RO|CIL|ME, RO|CIH, FF|MC|MIL|MIH|IC, 0, 0, 0, 0, 0, 0, 0, 0, 0
#define JARxxx0x RO|II|CE|ME, RO|BI|CE|ME, RO|MIH|CE, EO|FI|BI|MIL, RO|CIL|ME, RO|CIH, FF|MC|MIL|MIH|IC, 0, 0, 0, 0, 0, 0, 0, 0, 0
#define JARxxx1x RO|II|CE|ME, RO|BI|CE|ME, RO|MIH|CE, EO|FI|BI|MIL, FF|MIL, BO|MIL|ME, RO|CIL|ME, RO|CIH, FF|MC|MIL|MIH|IC, 0, 0, 0, 0, 0, 0, 0
#define JPS RO|II|CE|ME, FF|MIL|MIH|BI, RO|MIL|AI, COL|RI, EO|MIL|AI, COH|RI, FF|MIL, EO|RI|MC|MIL|MIH, RO|BI|ME, RO|CIH|MIH, BO|CIL|MIL|IC, 0, 0, 0, 0, 0
#define JAS RO|II|CE|ME, FF|MIL|MZ|MIH, AO|RI, FF|MIL|MIH|BI, RO|MIL|AI, COL|RI, EO|MIL|AI, COH|RI, FF|MIL, EO|RI|MC|MIL|MIH, RO|CIL|ME, RO|CIH, FF|MIL|MZ|MIH, RO|AI|MC|MIL|MIH|IC, 0, 0
#define RTS RO|II|CE|ME, FF|MIL|MIH, RO|MIL|CIL, FF|CE|ME, RO|CIH|CE|ME, COL|BI, RO|CIL, FF|MIL|CE, BO|RI|CE, FF|MC|MIL|MIH|IC, 0, 0, 0, 0, 0, 0
#define PHS RO|II|CE|ME, FF|MIL|MIH, RO|MIL|BI, AO|RI, FF|AI|MIL, EO|RI, BO|MIL, RO|AI|MC|MIL|MIH|IC, 0, 0, 0, 0, 0, 0, 0, 0
#define PLS RO|II|CE|ME, FF|MIL|MIH|BI, RO|AI, EO|ES|EC|AI|RI, AO|MIL, RO|AI|MC|MIL|MIH|IC, 0, 0, 0, 0, 0, 0, 0, 0, 0, 0
#define LDS RO|II|CE|ME, RO|BI|CE, FF|MIL|MIH, RO|AI, EO|MIL, RO|AI|MC|MIL|MIH|IC, 0, 0, 0, 0, 0, 0, 0, 0, 0, 0
#define STS RO|II|CE|ME, FF|MIL|MIH, RO|MIL|BI, AO|RI|MC|MIL|MIH, RO|AI|CE, FF|MIH, BO|MIL, EO|BI, RO|AI, BO|MIL, AO|RI|MC|MIL|MIH|IC, 0, 0, 0, 0, 0
#define RDB RO|II|CE|ME, RO|BI|CE|ME, RO|AI|CE|ME, RO|NI|CE, BO|MIL, AO|MIH, RO|AI, FF|NI|MC|MIL|MIH|IC, 0, 0, 0, 0, 0, 0, 0, 0
#define RDR RO|II|CE|ME, RO|BI|CE|ME, RO|MIH|CE, BO|MIL, RO|BI|ME, RO|AI|ME, RO|NI, BO|MIL, AO|MIH, RO|AI, FF|NI|MC|MIL|MIH|IC, 0, 0, 0, 0, 0
#define RAP RO|II|CE|ME, RO|BI|CE|ME, RO|NI|CE, BO|MIH, AO|MIL, RO|AI, FF|NI|MC|MIL|MIH|IC, 0, 0, 0, 0, 0, 0, 0, 0, 0
#define RZP RO|II|CE|ME, RO|MIL|MZ|MIH|CE, RO|BI|MC|MIL|MIH, RO|AI|CE|ME, RO|NI|CE, AO|MIH, BO|MIL, RO|AI, FF|NI|MC|MIL|MIH|IC, 0, 0, 0, 0, 0, 0, 0
#define WDB RO|II|CE|ME, RO|BI|CE, FF|NI|MIL|MZ|MIH, COL|RI|MC|MIL|MIH, RO|CIL|ME, RO|NI, BO|MIL, COL|MIH, AO|RI, FF|NI|MIL|MZ|MIH, RO|CIL, FF|CE, FF|CE, FF|MC|MIL|MIH|IC, 0, 0
#define WDR RO|II|CE|ME, RO|BI|CE, FF|NI|MIL|MZ|MIH, COL|RI|MC|MIL|MIH, RO|MIH, BO|MIL, RO|BI|ME, RO|CIL|ME, RO|NI, BO|MIL, COL|MIH, AO|RI, FF|NI|MIL|MZ|MIH, RO|CIL, FF|CE, FF|MC|MIL|MIH|IC
#define LDI RO|II|CE|ME, RO|AI|CE|ME|IC, 0, 0, 0, 0, 0, 0, 0, 0, 0, 0, 0, 0, 0, 0
#define LDZ RO|II|CE|ME, RO|MIL|MZ|MIH|CE, RO|AI|MC|MIL|MIH|IC, 0, 0, 0, 0, 0, 0, 0, 0, 0, 0, 0, 0, 0
#define LDB RO|II|CE|ME, RO|BI|CE|ME, RO|MIH|CE, BO|MIL, RO|AI|MC|MIL|MIH|IC, 0, 0, 0, 0, 0, 0, 0, 0, 0, 0, 0
#define LDT RO|II|CE|ME, RO|MIL|MZ|MIH|CE, RO|BI|ME, RO|MIH, BO|MIL, RO|AI|MC|MIL|MIH|IC, 0, 0, 0, 0, 0, 0, 0, 0, 0, 0
#define LDR RO|II|CE|ME, RO|BI|CE|ME, RO|MIH|CE, BO|MIL, RO|BI|ME, RO|MIH, BO|MIL, RO|AI|MC|MIL|MIH|IC, 0, 0, 0, 0, 0, 0, 0, 0
#define LAP RO|II|CE|ME, RO|MIH|CE, AO|MIL, RO|AI|MC|MIL|MIH|IC, 0, 0, 0, 0, 0, 0, 0, 0, 0, 0, 0, 0
#define LABxxx0x RO|II|CE|ME, RO|BI|CE|ME, RO|MIH|CE, EO|FI|BI|MIL, RO|AI|MC|MIL|MIH|IC, 0, 0, 0, 0, 0, 0, 0, 0, 0, 0, 0
#define LABxxx1x RO|II|CE|ME, RO|BI|CE|ME, RO|MIH|CE, EO|FI|BI|MIL, FF|MIL, BO|MIL|ME, RO|AI|MC|MIL|MIH|IC, 0, 0, 0, 0, 0, 0, 0, 0, 0
#define LZP RO|II|CE|ME, RO|MIL|MZ|MIH|CE, RO|BI|MC|MIL|MIH, RO|MIH|CE, BO|MIL, RO|AI|MC|MIL|MIH|IC, 0, 0, 0, 0, 0, 0, 0, 0, 0, 0
#define LZBxxx0x RO|II|CE|ME, RO|MIL|MZ|MIH|CE, RO|AI|MC|MIL|MIH, RO|BI|CE|ME, RO|MIH|CE, EO|FI|BI|MIL, RO|AI|MC|MIL|MIH|IC, 0, 0, 0, 0, 0, 0, 0, 0, 0
#define LZBxxx1x RO|II|CE|ME, RO|MIL|MZ|MIH|CE, RO|AI|MC|MIL|MIH, RO|BI|CE|ME, RO|MIH|CE, EO|FI|BI|MIL, FF|MIL, BO|MIL|ME, RO|AI|MC|MIL|MIH|IC, 0, 0, 0, 0, 0, 0, 0
#define STZ RO|II|CE|ME, RO|MIL|MZ|MIH|CE, AO|RI|MC|MIL|MIH|IC, 0, 0, 0, 0, 0, 0, 0, 0, 0, 0, 0, 0, 0
#define STB RO|II|CE|ME, RO|BI|CE|ME, RO|MIH|CE, BO|MIL, AO|RI|MC|MIL|MIH|IC, 0, 0, 0, 0, 0, 0, 0, 0, 0, 0, 0
#define STT RO|II|CE|ME, RO|MIL|MZ|MIH|CE, RO|BI|ME, RO|MIH, BO|MIL, AO|RI|MC|MIL|MIH|IC, 0, 0, 0, 0, 0, 0, 0, 0, 0, 0
#define STR RO|II|CE|ME, RO|BI|CE|ME, RO|MIH|CE, BO|MIL, RO|BI|ME, RO|MIH, BO|MIL, AO|RI|MC|MIL|MIH|IC, 0, 0, 0, 0, 0, 0, 0, 0
#define SZP RO|II|CE|ME, RO|MIL|MZ|MIH|CE, RO|BI|MC|MIL|MIH, RO|MIH|CE, BO|MIL, AO|RI|MC|MIL|MIH|IC, 0, 0, 0, 0, 0, 0, 0, 0, 0, 0
#define MIZ RO|II|CE|ME, RO|AI|CE|ME, RO|MIL|MZ|MIH|CE, AO|RI|MC|MIL|MIH|IC, 0, 0, 0, 0, 0, 0, 0, 0, 0, 0, 0, 0
#define MIB RO|II|CE|ME, RO|AI|CE|ME, RO|BI|CE|ME, RO|MIH|CE, BO|MIL, AO|RI|MC|MIL|MIH|IC, 0, 0, 0, 0, 0, 0, 0, 0, 0, 0
#define MIT RO|II|CE|ME, RO|AI|CE|ME, RO|MIL|MZ|MIH|CE, RO|BI|ME, RO|MIH, BO|MIL, AO|RI|MC|MIL|MIH|IC, 0, 0, 0, 0, 0, 0, 0, 0, 0
#define MIR RO|II|CE|ME, RO|AI|CE|ME, RO|BI|CE|ME, RO|MIH|CE, BO|MIL, RO|BI|ME, RO|MIH, BO|MIL, AO|RI|MC|MIL|MIH|IC, 0, 0, 0, 0, 0, 0, 0
#define MIV RO|II|CE|ME, RO|BI|CE|ME, RO|AI|CE|ME, RO|MIL|MZ|MIH|CE, BO|RI|ME, AO|RI|MC|MIL|MIH|IC, 0, 0, 0, 0, 0, 0, 0, 0, 0, 0
#define MIW RO|II|CE|ME, RO|AI|CE|ME, FF|ME, RO|BI|ME, RO|MIH, BO|MIL, AO|RI|MC|MIL|MIH, RO|AI|CE|ME, RO|BI|CE|ME, RO|MIH|CE, BO|MIL, FF|ME, AO|RI|MC|MIL|MIH|IC, 0, 0, 0
#define MZZ RO|II|CE|ME, RO|MIL|MZ|MIH|CE, RO|AI|MC|MIL|MIH, RO|MIL|MZ|MIH|CE, AO|RI|MC|MIL|MIH|IC, 0, 0, 0, 0, 0, 0, 0, 0, 0, 0, 0
#define MZB RO|II|CE|ME, RO|MIL|MZ|MIH|CE, RO|AI|MC|MIL|MIH, RO|BI|CE|ME, RO|MIH|CE, BO|MIL, AO|RI|MC|MIL|MIH|IC, 0, 0, 0, 0, 0, 0, 0, 0, 0
#define MBZ RO|II|CE|ME, RO|BI|CE|ME, RO|MIH|CE, BO|MIL, RO|AI|MC|MIL|MIH, RO|MIL|MZ|MIH|CE, AO|RI|MC|MIL|MIH|IC, 0, 0, 0, 0, 0, 0, 0, 0, 0
#define MBB RO|II|CE|ME, RO|BI|CE|ME, RO|MIH|CE, BO|MIL, RO|AI|MC|MIL|MIH, RO|BI|CE|ME, RO|MIH|CE, BO|MIL, AO|RI|MC|MIL|MIH|IC, 0, 0, 0, 0, 0, 0, 0
#define MVV RO|II|CE|ME, RO|MIL|MZ|MIH|CE, RO|BI|ME, RO|AI|MC|MIL|MIH, RO|MIL|MZ|MIH|CE, BO|RI|ME, AO|RI|MC|MIL|MIH|IC, 0, 0, 0, 0, 0, 0, 0, 0, 0
#define MWV RO|II|CE|ME, RO|BI|CE|ME, RO|MIH|CE, BO|MIL, RO|BI|ME, RO|AI|MC|MIL|MIH, RO|MIL|MZ|MIH|CE, BO|RI|ME, AO|RI|MC|MIL|MIH|IC, 0, 0, 0, 0, 0, 0, 0
#define CLZ RO|II|CE|ME, RO|MIL|MZ|MIH|CE, AO|BI, EO|ES|EC|RI|MC|MIL|MIH|IC, 0, 0, 0, 0, 0, 0, 0, 0, 0, 0, 0, 0
#define CLB RO|II|CE|ME, RO|BI|CE|ME, RO|MIH|CE, BO|MIL, AO|BI, EO|ES|EC|RI|MC|MIL|MIH|IC, 0, 0, 0, 0, 0, 0, 0, 0, 0, 0
#define CLV RO|II|CE|ME, RO|MIL|MZ|MIH|CE, AO|BI, EO|ES|EC|RI|ME, EO|ES|EC|RI|MC|MIL|MIH|IC, 0, 0, 0, 0, 0, 0, 0, 0, 0, 0, 0
#define CLW RO|II|CE|ME, RO|AI|BI|CE|ME, RO|MIH|CE, BO|MIL, EO|ES|EC|AI|RI, FF|ME, AO|RI|MC|MIL|MIH|IC, 0, 0, 0, 0, 0, 0, 0, 0, 0
#define CLQ RO|II|CE|ME, RO|MIL|MZ|MIH|CE, AO|BI, EO|ES|EC|RI|ME, EO|ES|EC|RI|ME, EO|ES|EC|RI|ME, EO|ES|EC|RI|MC|MIL|MIH|IC, 0, 0, 0, 0, 0, 0, 0, 0, 0
#define CLL RO|II|CE|ME, RO|AI|BI|CE|ME, RO|MIH|CE, BO|MIL, EO|ES|EC|AI|RI, FF|ME, AO|RI, FF|ME, AO|RI, FF|ME, AO|RI|MC|MIL|MIH|IC, 0, 0, 0, 0, 0
#define INC RO|II|CE|ME, FF|BI, EO|ES|EC|FI|AI|IC, 0, 0, 0, 0, 0, 0, 0, 0, 0, 0, 0, 0, 0
#define INZ RO|II|CE|ME, RO|MIL|MZ|MIH|CE, FF|BI, RO|AI, EO|ES|EC|FI|AI|RI|MC|MIL|MIH|IC, 0, 0, 0, 0, 0, 0, 0, 0, 0, 0, 0
#define INB RO|II|CE|ME, RO|BI|CE|ME, RO|MIH|CE, BO|MIL, RO|AI, FF|BI, EO|ES|EC|FI|RI|AI|MC|MIL|MIH|IC, 0, 0, 0, 0, 0, 0, 0, 0, 0
#define INVxxx0x RO|II|CE|ME, RO|MIL|MZ|MIH|CE, FF|BI, RO|AI, EO|ES|EC|FI|RI|ME, RO|AI, EO|ES|FI|AI|MC|MIL|MIH|IC, 0, 0, 0, 0, 0, 0, 0, 0, 0
#define INVxxx1x RO|II|CE|ME, RO|MIL|MZ|MIH|CE, FF|BI, RO|AI, EO|ES|EC|FI|RI|ME, RO|AI, EO|ES|EC|FI|RI|AI|MC|MIL|MIH|IC, 0, 0, 0, 0, 0, 0, 0, 0, 0
#define INWxxx0x RO|II|CE|ME, RO|BI|CE|ME, RO|MIH|CE, BO|MIL, FF|BI, RO|AI, EO|ES|EC|FI|RI|ME, RO|AI, EO|ES|FI|AI|MC|MIL|MIH|IC, 0, 0, 0, 0, 0, 0, 0
#define INWxxx1x RO|II|CE|ME, RO|BI|CE|ME, RO|MIH|CE, BO|MIL, FF|BI, RO|AI, EO|ES|EC|FI|RI|ME, RO|AI, EO|ES|EC|FI|RI|AI|MC|MIL|MIH|IC, 0, 0, 0, 0, 0, 0, 0
#define INQxxx0x RO|II|CE|ME, RO|MIL|MZ|MIH|CE, FF|BI, RO|AI, EO|ES|EC|FI|RI|ME, FF|MC|MIL|MIH|IC, 0, FF|MC|MIL|MIH|IC, 0, FF|MC|MIL|MIH|IC, 0, 0, 0, 0, 0, 0
#define INQxxx1x RO|II|CE|ME, RO|MIL|MZ|MIH|CE, FF|BI, RO|AI, EO|ES|EC|FI|RI|ME, RO|AI, EO|ES|EC|FI|RI|ME, RO|AI, EO|ES|EC|FI|RI|ME, RO|AI, EO|ES|EC|FI|RI|AI|MC|MIL|MIH|IC, 0, 0, 0, 0, 0
#define INLxxx0x RO|II|CE|ME, RO|BI|CE|ME, RO|MIH|CE, BO|MIL, FF|BI, RO|AI, EO|ES|EC|FI|RI|ME, FF|MC|MIL|MIH|IC, 0, FF|MC|MIL|MIH|IC, 0, FF|MC|MIL|MIH|IC, 0, 0, 0, 0
#define INLxxx1x RO|II|CE|ME, RO|BI|CE|ME, RO|MIH|CE, BO|MIL, FF|BI, RO|AI, EO|ES|EC|FI|RI|ME, RO|AI, EO|ES|EC|FI|RI|ME, RO|AI, EO|ES|EC|FI|RI|ME, RO|AI, EO|ES|EC|FI|RI|AI|MC|MIL|MIH|IC, 0, 0, 0
#define DEC RO|II|CE|ME, FF|BI, EO|FI|AI|IC, 0, 0, 0, 0, 0, 0, 0, 0, 0, 0, 0, 0, 0
#define DEZ RO|II|CE|ME, RO|MIL|MZ|MIH|CE, FF|BI, RO|AI, EO|FI|AI|RI|MC|MIL|MIH|IC, 0, 0, 0, 0, 0, 0, 0, 0, 0, 0, 0
#define DEB RO|II|CE|ME, RO|BI|CE|ME, RO|MIH|CE, BO|MIL, RO|AI, FF|BI, EO|FI|RI|AI|MC|MIL|MIH|IC, 0, 0, 0, 0, 0, 0, 0, 0, 0
#define DEVxxx0x RO|II|CE|ME, RO|MIL|MZ|MIH|CE, FF|BI, RO|AI, EO|FI|RI|ME, RO|AI, EO|FI|RI|AI|MC|MIL|MIH|IC, 0, 0, 0, 0, 0, 0, 0, 0, 0
#define DEVxxx1x RO|II|CE|ME, RO|MIL|MZ|MIH|CE, FF|BI, RO|AI, EO|FI|RI|ME, RO|AI, EO|EC|FI|AI|MC|MIL|MIH|IC, 0, 0, 0, 0, 0, 0, 0, 0, 0
#define DEWxxx0x RO|II|CE|ME, RO|BI|CE|ME, RO|MIH|CE, BO|MIL, FF|BI, RO|AI, EO|FI|RI|ME, RO|AI, EO|FI|RI|AI|MC|MIL|MIH|IC, 0, 0, 0, 0, 0, 0, 0
#define DEWxxx1x RO|II|CE|ME, RO|BI|CE|ME, RO|MIH|CE, BO|MIL, FF|BI, RO|AI, EO|FI|RI|ME, RO|AI, EO|EC|FI|AI|MC|MIL|MIH|IC, 0, 0, 0, 0, 0, 0, 0
#define DEQxxx0x RO|II|CE|ME, RO|MIL|MZ|MIH|CE, FF|BI, RO|AI, EO|FI|RI|ME, RO|AI, EO|FI|RI|ME, RO|AI, EO|FI|RI|ME, RO|AI, EO|FI|RI|AI|MC|MIL|MIH|IC, 0, 0, 0, 0, 0
#define DEQxxx1x RO|II|CE|ME, RO|MIL|MZ|MIH|CE, FF|BI, RO|AI, EO|FI|RI|ME, FF|MC|MIL|MIH|IC, 0, FF|MC|MIL|MIH|IC, 0, FF|MC|MIL|MIH|IC, 0, 0, 0, 0, 0, 0
#define DELxxx0x RO|II|CE|ME, RO|BI|CE|ME, RO|MIH|CE, BO|MIL, FF|BI, RO|AI, EO|FI|RI|ME, RO|AI, EO|FI|RI|ME, RO|AI, EO|FI|RI|ME, RO|AI, EO|FI|RI|AI|MC|MIL|MIH|IC, 0, 0, 0
#define DELxxx1x RO|II|CE|ME, RO|BI|CE|ME, RO|MIH|CE, BO|MIL, FF|BI, RO|AI, EO|FI|RI|ME, FF|MC|MIL|MIH|IC, 0, FF|MC|MIL|MIH|IC, 0, FF|MC|MIL|MIH|IC, 0, 0, 0, 0
#define ADI RO|II|CE|ME, RO|BI|CE|ME, EO|FI|AI|IC, 0, 0, 0, 0, 0, 0, 0, 0, 0, 0, 0, 0, 0
#define ADZ RO|II|CE|ME, RO|MIL|MZ|MIH|CE, RO|BI, EO|FI|AI|MC|MIL|MIH|IC, 0, 0, 0, 0, 0, 0, 0, 0, 0, 0, 0, 0
#define ADB RO|II|CE|ME, RO|BI|CE|ME, RO|MIH|CE, BO|MIL, RO|BI, EO|FI|AI|MC|MIL|MIH|IC, 0, 0, 0, 0, 0, 0, 0, 0, 0, 0
#define ADT RO|II|CE|ME, RO|MIL|MZ|MIH|CE, RO|BI|ME, RO|MIH, BO|MIL, RO|BI, EO|FI|AI|MC|MIL|MIH|IC, 0, 0, 0, 0, 0, 0, 0, 0, 0
#define ADR RO|II|CE|ME, RO|BI|CE|ME, RO|MIH|CE, BO|MIL, RO|BI|ME, RO|MIH, BO|MIL, RO|BI, EO|FI|AI|MC|MIL|MIH|IC, 0, 0, 0, 0, 0, 0, 0
#define AD_Z RO|II|CE|ME, RO|MIL|MZ|MIH|CE, RO|BI, EO|FI|AI|RI|MC|MIL|MIH|IC, 0, 0, 0, 0, 0, 0, 0, 0, 0, 0, 0, 0
#define AD_B RO|II|CE|ME, RO|BI|CE|ME, RO|MIH|CE, BO|MIL, RO|BI, EO|FI|RI|AI|MC|MIL|MIH|IC, 0, 0, 0, 0, 0, 0, 0, 0, 0, 0
#define AD_T RO|II|CE|ME, RO|MIL|MZ|MIH|CE, RO|BI|ME, RO|MIH, BO|MIL, RO|BI, EO|FI|AI|RI|MC|MIL|MIH|IC, 0, 0, 0, 0, 0, 0, 0, 0, 0
#define AD_R RO|II|CE|ME, RO|BI|CE|ME, RO|MIH|CE, BO|MIL, RO|BI|ME, RO|MIH, BO|MIL, RO|BI, EO|FI|AI|RI|MC|MIL|MIH|IC, 0, 0, 0, 0, 0, 0, 0
#define ADVxxx0x RO|II|CE|ME, RO|MIL|MZ|MIH|CE, RO|BI, EO|FI|RI, FF|BI|ME, RO|AI, EO|ES|FI|AI|MC|MIL|MIH|IC, 0, 0, 0, 0, 0, 0, 0, 0, 0
#define ADVxxx1x RO|II|CE|ME, RO|MIL|MZ|MIH|CE, RO|BI, EO|FI|RI, FF|BI|ME, RO|AI, EO|ES|EC|FI|RI|AI|MC|MIL|MIH|IC, 0, 0, 0, 0, 0, 0, 0, 0, 0
#define ADWxxx0x RO|II|CE|ME, RO|BI|CE|ME, RO|MIH|CE, BO|MIL, RO|BI, EO|FI|RI, FF|BI|ME, RO|AI, EO|ES|FI|AI|MC|MIL|MIH|IC, 0, 0, 0, 0, 0, 0, 0
#define ADWxxx1x RO|II|CE|ME, RO|BI|CE|ME, RO|MIH|CE, BO|MIL, RO|BI, EO|FI|RI, FF|BI|ME, RO|AI, EO|ES|EC|FI|RI|AI|MC|MIL|MIH|IC, 0, 0, 0, 0, 0, 0, 0
#define ADQxxx0x RO|II|CE|ME, RO|MIL|MZ|MIH|CE, RO|BI, EO|FI|RI|ME, FF|MC|MIL|MIH|IC, 0, 0, FF|MC|MIL|MIH|IC, 0, FF|MC|MIL|MIH|IC, 0, 0, 0, 0, 0, 0
#define ADQxxx1x RO|II|CE|ME, RO|MIL|MZ|MIH|CE, RO|BI, EO|FI|RI|ME, FF|BI, RO|AI, EO|ES|EC|FI|RI|ME, RO|AI, EO|ES|EC|FI|RI|ME, RO|AI, EO|ES|EC|RI|MC|MIL|MIH|IC, 0, 0, 0, 0, 0
#define ADLxxx0x RO|II|CE|ME, RO|BI|CE|ME, RO|MIH|CE, BO|MIL, RO|BI, EO|FI|RI|ME, FF|MC|MIL|MIH|IC, 0, 0, FF|MC|MIL|MIH|IC, 0, FF|MC|MIL|MIH|IC, 0, 0, 0, 0
#define ADLxxx1x RO|II|CE|ME, RO|BI|CE|ME, RO|MIH|CE, BO|MIL, RO|BI, EO|FI|RI|ME, FF|BI, RO|AI, EO|ES|EC|FI|RI|ME, RO|AI, EO|ES|EC|FI|RI|ME, RO|AI, EO|ES|EC|RI|MC|MIL|MIH|IC, 0, 0, 0
#define AIZ RO|II|CE|ME, RO|BI|CE|ME, RO|MIL|MZ|MIH|CE, RO|AI, EO|FI|AI|RI|MC|MIL|MIH|IC, 0, 0, 0, 0, 0, 0, 0, 0, 0, 0, 0
#define AIB RO|II|CE|ME, RO|AI|CE|ME, RO|BI|CE|ME, RO|MIH|CE, BO|MIL, RO|BI, EO|FI|RI|AI|MC|MIL|MIH|IC, 0, 0, 0, 0, 0, 0, 0, 0, 0
#define AIT RO|II|CE|ME, RO|AI|CE|ME, RO|MIL|MZ|MIH|CE, RO|BI|ME, RO|MIH, BO|MIL, RO|BI, EO|FI|AI|RI|MC|MIL|MIH|IC, 0, 0, 0, 0, 0, 0, 0, 0
#define AIR RO|II|CE|ME, RO|AI|CE|ME, RO|BI|CE|ME, RO|MIH|CE, BO|MIL, RO|BI|ME, RO|MIH, BO|MIL, RO|BI, EO|FI|AI|RI|MC|MIL|MIH|IC, 0, 0, 0, 0, 0, 0
#define AIVxxx0x RO|II|CE|ME, RO|AI|CE|ME, RO|MIL|MZ|MIH|CE, RO|BI, EO|FI|RI, FF|BI|ME, RO|AI, EO|ES|FI|AI|MC|MIL|MIH|IC, 0, 0, 0, 0, 0, 0, 0, 0
#define AIVxxx1x RO|II|CE|ME, RO|AI|CE|ME, RO|MIL|MZ|MIH|CE, RO|BI, EO|FI|RI, FF|BI|ME, RO|AI, EO|ES|EC|FI|RI|AI|MC|MIL|MIH|IC, 0, 0, 0, 0, 0, 0, 0, 0
#define AIWxxx0x RO|II|CE|ME, RO|AI|CE|ME, RO|BI|CE|ME, RO|MIH|CE, BO|MIL, RO|BI, EO|FI|RI, FF|BI|ME, RO|AI, EO|ES|FI|AI|MC|MIL|MIH|IC, 0, 0, 0, 0, 0, 0
#define AIWxxx1x RO|II|CE|ME, RO|AI|CE|ME, RO|BI|CE|ME, RO|MIH|CE, BO|MIL, RO|BI, EO|FI|RI, FF|BI|ME, RO|AI, EO|ES|EC|FI|RI|AI|MC|MIL|MIH|IC, 0, 0, 0, 0, 0, 0
#define AIQxxx0x RO|II|CE|ME, RO|AI|CE|ME, RO|MIL|MZ|MIH|CE, RO|BI, EO|FI|RI|ME, FF|MC|MIL|MIH|IC, 0, 0, FF|MC|MIL|MIH|IC, 0, FF|MC|MIL|MIH|IC, 0, 0, 0, 0, 0
#define AIQxxx1x RO|II|CE|ME, RO|AI|CE|ME, RO|MIL|MZ|MIH|CE, RO|BI, EO|FI|RI|ME, FF|BI, RO|AI, EO|ES|EC|FI|RI|ME, RO|AI, EO|ES|EC|FI|RI|ME, RO|AI, EO|ES|EC|RI|MC|MIL|MIH|IC, 0, 0, 0, 0
#define AILxxx0x RO|II|CE|ME, RO|AI|CE|ME, RO|BI|CE|ME, RO|MIH|CE, BO|MIL, RO|BI, EO|FI|RI|ME, FF|MC|MIL|MIH|IC, 0, 0, FF|MC|MIL|MIH|IC, 0, FF|MC|MIL|MIH|IC, 0, 0, 0
#define AILxxx1x RO|II|CE|ME, RO|AI|CE|ME, RO|BI|CE|ME, RO|MIH|CE, BO|MIL, RO|BI, EO|FI|RI|ME, FF|BI, RO|AI, EO|ES|EC|FI|RI|ME, RO|AI, EO|ES|EC|FI|RI|ME, RO|AI, EO|ES|EC|RI|MC|MIL|MIH|IC, 0, 0
#define AZZ RO|II|CE|ME, RO|MIL|MZ|MIH|CE, RO|BI|MC|MIL|MIH, RO|MIL|MZ|MIH|CE, RO|AI, EO|FI|AI|RI|MC|MIL|MIH|IC, 0, 0, 0, 0, 0, 0, 0, 0, 0, 0
#define AZB RO|II|CE|ME, RO|MIL|MZ|MIH|CE, RO|AI|MC|MIL|MIH, RO|BI|CE|ME, RO|MIH|CE, BO|MIL, RO|BI, EO|FI|RI|AI|MC|MIL|MIH|IC, 0, 0, 0, 0, 0, 0, 0, 0
#define AZVxxx0x RO|II|CE|ME, RO|MIL|MZ|MIH|CE, RO|AI|MC|MIL|MIH, RO|MIL|MZ|MIH|CE, RO|BI, EO|FI|RI, FF|BI|ME, RO|AI, EO|ES|FI|AI|MC|MIL|MIH|IC, 0, 0, 0, 0, 0, 0, 0
#define AZVxxx1x RO|II|CE|ME, RO|MIL|MZ|MIH|CE, RO|AI|MC|MIL|MIH, RO|MIL|MZ|MIH|CE, RO|BI, EO|FI|RI, FF|BI|ME, RO|AI, EO|ES|EC|FI|RI|AI|MC|MIL|MIH|IC, 0, 0, 0, 0, 0, 0, 0
#define AZWxxx0x RO|II|CE|ME, RO|MIL|MZ|MIH|CE, RO|AI|MC|MIL|MIH, RO|BI|CE|ME, RO|MIH|CE, BO|MIL, RO|BI, EO|FI|RI, FF|BI|ME, RO|AI, EO|ES|FI|AI|MC|MIL|MIH|IC, 0, 0, 0, 0, 0
#define AZWxxx1x RO|II|CE|ME, RO|MIL|MZ|MIH|CE, RO|AI|MC|MIL|MIH, RO|BI|CE|ME, RO|MIH|CE, BO|MIL, RO|BI, EO|FI|RI, FF|BI|ME, RO|AI, EO|ES|EC|FI|RI|AI|MC|MIL|MIH|IC, 0, 0, 0, 0, 0
#define AZQxxx0x RO|II|CE|ME, RO|MIL|MZ|MIH|CE, RO|AI|MC|MIL|MIH, RO|MIL|MZ|MIH|CE, RO|BI, EO|FI|RI|ME, FF|MC|MIL|MIH|IC, 0, 0, FF|MC|MIL|MIH|IC, 0, FF|MC|MIL|MIH|IC, 0, 0, 0, 0
#define AZQxxx1x RO|II|CE|ME, RO|MIL|MZ|MIH|CE, RO|AI|MC|MIL|MIH, RO|MIL|MZ|MIH|CE, RO|BI, EO|FI|RI|ME, FF|BI, RO|AI, EO|ES|EC|FI|RI|ME, RO|AI, EO|ES|EC|FI|RI|ME, RO|AI, EO|ES|EC|RI|MC|MIL|MIH|IC, 0, 0, 0
#define AZLxxx0x RO|II|CE|ME, RO|MIL|MZ|MIH|CE, RO|AI|MC|MIL|MIH, RO|BI|CE|ME, RO|MIH|CE, BO|MIL, RO|BI, EO|FI|RI|ME, FF|MC|MIL|MIH|IC, 0, 0, FF|MC|MIL|MIH|IC, 0, FF|MC|MIL|MIH|IC, 0, 0
#define AZLxxx1x RO|II|CE|ME, RO|MIL|MZ|MIH|CE, RO|AI|MC|MIL|MIH, RO|BI|CE|ME, RO|MIH|CE, BO|MIL, RO|BI, EO|FI|RI|ME, FF|BI, RO|AI, EO|ES|EC|FI|RI|ME, RO|AI, EO|ES|EC|FI|RI|ME, RO|AI, EO|ES|EC|RI|MC|MIL|MIH|IC, 0
#define ABZ RO|II|CE|ME, RO|BI|CE|ME, RO|MIH|CE, BO|MIL, RO|BI|MC|MIL|MIH, RO|MIL|MZ|MIH|CE, RO|AI, EO|FI|AI|RI|MC|MIL|MIH|IC, 0, 0, 0, 0, 0, 0, 0, 0
#define ABB RO|II|CE|ME, RO|BI|CE|ME, RO|MIH|CE, BO|MIL, RO|AI|MC|MIL|MIH, RO|BI|CE|ME, RO|MIH|CE, BO|MIL, RO|BI, EO|FI|RI|AI|MC|MIL|MIH|IC, 0, 0, 0, 0, 0, 0
#define ABVxxx0x RO|II|CE|ME, RO|BI|CE|ME, RO|MIH|CE, BO|MIL, RO|AI|MC|MIL|MIH, RO|MIL|MZ|MIH|CE, RO|BI, EO|FI|RI, FF|BI|ME, RO|AI, EO|ES|FI|AI|MC|MIL|MIH|IC, 0, 0, 0, 0, 0
#define ABVxxx1x RO|II|CE|ME, RO|BI|CE|ME, RO|MIH|CE, BO|MIL, RO|AI|MC|MIL|MIH, RO|MIL|MZ|MIH|CE, RO|BI, EO|FI|RI, FF|BI|ME, RO|AI, EO|ES|EC|FI|RI|AI|MC|MIL|MIH|IC, 0, 0, 0, 0, 0
#define ABWxxx0x RO|II|CE|ME, RO|BI|CE|ME, RO|MIH|CE, BO|MIL, RO|AI|MC|MIL|MIH, RO|BI|CE|ME, RO|MIH|CE, BO|MIL, RO|BI, EO|FI|RI, FF|BI|ME, RO|AI, EO|ES|FI|AI|MC|MIL|MIH|IC, 0, 0, 0
#define ABWxxx1x RO|II|CE|ME, RO|BI|CE|ME, RO|MIH|CE, BO|MIL, RO|AI|MC|MIL|MIH, RO|BI|CE|ME, RO|MIH|CE, BO|MIL, RO|BI, EO|FI|RI, FF|BI|ME, RO|AI, EO|ES|EC|FI|RI|AI|MC|MIL|MIH|IC, 0, 0, 0
#define ABQxxx0x RO|II|CE|ME, RO|BI|CE|ME, RO|MIH|CE, BO|MIL, RO|AI|MC|MIL|MIH, RO|MIL|MZ|MIH|CE, RO|BI, EO|FI|RI|ME, FF|MC|MIL|MIH|IC, 0, 0, FF|MC|MIL|MIH|IC, 0, FF|MC|MIL|MIH|IC, 0, 0
#define ABQxxx1x RO|II|CE|ME, RO|BI|CE|ME, RO|MIH|CE, BO|MIL, RO|AI|MC|MIL|MIH, RO|MIL|MZ|MIH|CE, RO|BI, EO|FI|RI|ME, FF|BI, RO|AI, EO|ES|EC|FI|RI|ME, RO|AI, EO|ES|EC|FI|RI|ME, RO|AI, EO|ES|EC|RI|MC|MIL|MIH|IC, 0
#define AVVxxx0x RO|II|CE|ME, RO|MIL|MZ|MIH, RO|BI|MC|MIL|MIH, FF|ME, RO|MIL|MZ|MIH, RO|AI, EO|FI|RI|MC|MIL|MIH, RO|MIL|MZ|MIH|CE, FF|ME, RO|BI|MC|MIL|MIH, RO|MIL|MZ|MIH|CE, FF|ME, RO|AI, EO|FI|AI|RI|MC|MIL|MIH|IC, 0, 0
#define AVVxxx1x RO|II|CE|ME, RO|MIL|MZ|MIH, RO|BI|MC|MIL|MIH, FF|ME, RO|MIL|MZ|MIH, RO|AI, EO|FI|RI|MC|MIL|MIH, RO|MIL|MZ|MIH|CE, FF|ME, RO|BI|MC|MIL|MIH, RO|MIL|MZ|MIH|CE, FF|ME, RO|AI, EO|EC|FI|AI|RI|MC|MIL|MIH|IC, 0, 0
#define SUI RO|II|CE|ME, RO|BI|CE|ME, EO|ES|EC|FI|AI|IC, 0, 0, 0, 0, 0, 0, 0, 0, 0, 0, 0, 0, 0
#define SUZ RO|II|CE|ME, RO|MIL|MZ|MIH|CE, RO|BI, EO|ES|EC|FI|AI|MC|MIL|MIH|IC, 0, 0, 0, 0, 0, 0, 0, 0, 0, 0, 0, 0
#define SUB RO|II|CE|ME, RO|BI|CE|ME, RO|MIH|CE, BO|MIL, RO|BI, EO|ES|EC|FI|AI|MC|MIL|MIH|IC, 0, 0, 0, 0, 0, 0, 0, 0, 0, 0
#define SUT RO|II|CE|ME, RO|MIL|MZ|MIH|CE, RO|BI|ME, RO|MIH, BO|MIL, RO|BI, EO|ES|EC|FI|AI|MC|MIL|MIH|IC, 0, 0, 0, 0, 0, 0, 0, 0, 0
#define SUR RO|II|CE|ME, RO|BI|CE|ME, RO|MIH|CE, BO|MIL, RO|BI|ME, RO|MIH, BO|MIL, RO|BI, EO|ES|EC|FI|AI|MC|MIL|MIH|IC, 0, 0, 0, 0, 0, 0, 0
#define SU_Z RO|II|CE|ME, RO|MIL|MZ|MIH|CE, AO|BI, RO|AI, EO|ES|EC|FI|AI|RI|MC|MIL|MIH|IC, 0, 0, 0, 0, 0, 0, 0, 0, 0, 0, 0
#define SU_B RO|II|CE|ME, RO|BI|CE|ME, RO|MIH|CE, BO|MIL, AO|BI, RO|AI, EO|ES|EC|FI|RI|AI|MC|MIL|MIH|IC, 0, 0, 0, 0, 0, 0, 0, 0, 0
#define SU_T RO|II|CE|ME, RO|MIL|MZ|MIH|CE, RO|BI|ME, RO|MIH, BO|MIL, AO|BI, RO|AI, EO|ES|EC|FI|AI|RI|MC|MIL|MIH|IC, 0, 0, 0, 0, 0, 0, 0, 0
#define SU_R RO|II|CE|ME, RO|BI|CE|ME, RO|MIH|CE, BO|MIL, RO|BI|ME, RO|MIH, BO|MIL, AO|BI, RO|AI, EO|ES|EC|FI|AI|RI|MC|MIL|MIH|IC, 0, 0, 0, 0, 0, 0
#define SUVxxx0x RO|II|CE|ME, RO|MIL|MZ|MIH|CE, AO|BI, RO|AI, EO|ES|EC|FI|RI, FF|BI|ME, RO|AI, EO|FI|RI|AI|MC|MIL|MIH|IC, 0, 0, 0, 0, 0, 0, 0, 0
#define SUVxxx1x RO|II|CE|ME, RO|MIL|MZ|MIH|CE, AO|BI, RO|AI, EO|ES|EC|FI|RI, FF|BI|ME, RO|AI, EO|EC|FI|AI|MC|MIL|MIH|IC, 0, 0, 0, 0, 0, 0, 0, 0
#define SUWxxx0x RO|II|CE|ME, RO|BI|CE|ME, RO|MIH|CE, BO|MIL, AO|BI, RO|AI, EO|ES|EC|FI|RI, FF|BI|ME, RO|AI, EO|FI|RI|AI|MC|MIL|MIH|IC, 0, 0, 0, 0, 0, 0
#define SUWxxx1x RO|II|CE|ME, RO|BI|CE|ME, RO|MIH|CE, BO|MIL, AO|BI, RO|AI, EO|ES|EC|FI|RI, FF|BI|ME, RO|AI, EO|EC|FI|AI|MC|MIL|MIH|IC, 0, 0, 0, 0, 0, 0
#define SUQxxx0x RO|II|CE|ME, RO|MIL|MZ|MIH|CE, AO|BI, RO|AI, EO|ES|EC|FI|RI|ME, FF|BI, RO|AI, EO|FI|RI|ME, RO|AI, EO|FI|RI|ME, RO|AI, EO|RI|MC|MIL|MIH|IC, 0, 0, 0, 0
#define SUQxxx1x RO|II|CE|ME, RO|MIL|MZ|MIH|CE, AO|BI, RO|AI, EO|ES|EC|FI|RI|ME, FF|MC|MIL|MIH|IC, 0, 0, FF|MC|MIL|MIH|IC, 0, FF|MC|MIL|MIH|IC, 0, 0, 0, 0, 0
#define SULxxx0x RO|II|CE|ME, RO|BI|CE|ME, RO|MIH|CE, BO|MIL, AO|BI, RO|AI, EO|ES|EC|FI|RI|ME, FF|BI, RO|AI, EO|FI|RI|ME, RO|AI, EO|FI|RI|ME, RO|AI, EO|RI|MC|MIL|MIH|IC, 0, 0
#define SULxxx1x RO|II|CE|ME, RO|BI|CE|ME, RO|MIH|CE, BO|MIL, AO|BI, RO|AI, EO|ES|EC|FI|RI|ME, FF|MC|MIL|MIH|IC, 0, 0, FF|MC|MIL|MIH|IC, 0, FF|MC|MIL|MIH|IC, 0, 0, 0
#define SIZ RO|II|CE|ME, RO|BI|CE|ME, RO|MIL|MZ|MIH|CE, RO|AI, EO|ES|EC|FI|AI|RI|MC|MIL|MIH|IC, 0, 0, 0, 0, 0, 0, 0, 0, 0, 0, 0
#define SIB RO|II|CE|ME, RO|BI|CE|ME, RO|AI|CE|ME, RO|MIH|CE, AO|MIL, RO|AI, EO|ES|EC|FI|RI|AI|MC|MIL|MIH|IC, 0, 0, 0, 0, 0, 0, 0, 0, 0
#define SIT RO|II|CE|ME, RO|BI|CE|ME, RO|MIL|MZ|MIH|CE, RO|AI|ME, RO|MIH, AO|MIL, RO|AI, EO|ES|EC|FI|AI|RI|MC|MIL|MIH|IC, 0, 0, 0, 0, 0, 0, 0, 0
#define SIR RO|II|CE|ME, RO|BI|CE|ME, RO|AI|CE|ME, RO|MIH|CE, AO|MIL, RO|AI|ME, RO|MIH, AO|MIL, RO|AI, EO|ES|EC|FI|AI|RI|MC|MIL|MIH|IC, 0, 0, 0, 0, 0, 0
#define SIVxxx0x RO|II|CE|ME, RO|BI|CE|ME, RO|MIL|MZ|MIH|CE, RO|AI, EO|ES|EC|FI|RI, FF|BI|ME, RO|AI, EO|FI|RI|AI|MC|MIL|MIH|IC, 0, 0, 0, 0, 0, 0, 0, 0
#define SIVxxx1x RO|II|CE|ME, RO|BI|CE|ME, RO|MIL|MZ|MIH|CE, RO|AI, EO|ES|EC|FI|RI, FF|BI|ME, RO|AI, EO|EC|FI|AI|MC|MIL|MIH|IC, 0, 0, 0, 0, 0, 0, 0, 0
#define SIWxxx0x RO|II|CE|ME, RO|BI|CE|ME, RO|AI|CE|ME, RO|MIH|CE, AO|MIL, RO|AI, EO|ES|EC|FI|RI, FF|BI|ME, RO|AI, EO|FI|RI|AI|MC|MIL|MIH|IC, 0, 0, 0, 0, 0, 0
#define SIWxxx1x RO|II|CE|ME, RO|BI|CE|ME, RO|AI|CE|ME, RO|MIH|CE, AO|MIL, RO|AI, EO|ES|EC|FI|RI, FF|BI|ME, RO|AI, EO|EC|FI|AI|MC|MIL|MIH|IC, 0, 0, 0, 0, 0, 0
#define SIQxxx0x RO|II|CE|ME, RO|BI|CE|ME, RO|MIL|MZ|MIH|CE, RO|AI, EO|ES|EC|FI|RI|ME, FF|BI, RO|AI, EO|FI|RI|ME, RO|AI, EO|FI|RI|ME, RO|AI, EO|RI|MC|MIL|MIH|IC, 0, 0, 0, 0
#define SIQxxx1x RO|II|CE|ME, RO|BI|CE|ME, RO|MIL|MZ|MIH|CE, RO|AI, EO|ES|EC|FI|RI|ME, FF|MC|MIL|MIH|IC, 0, 0, FF|MC|MIL|MIH|IC, 0, FF|MC|MIL|MIH|IC, 0, 0, 0, 0, 0
#define SILxxx0x RO|II|CE|ME, RO|BI|CE|ME, RO|AI|CE|ME, RO|MIH|CE, AO|MIL, RO|AI, EO|ES|EC|FI|RI|ME, FF|BI, RO|AI, EO|FI|RI|ME, RO|AI, EO|FI|RI|ME, RO|AI, EO|RI|MC|MIL|MIH|IC, 0, 0
#define SILxxx1x RO|II|CE|ME, RO|BI|CE|ME, RO|AI|CE|ME, RO|MIH|CE, AO|MIL, RO|AI, EO|ES|EC|FI|RI|ME, FF|MC|MIL|MIH|IC, 0, 0, FF|MC|MIL|MIH|IC, 0, FF|MC|MIL|MIH|IC, 0, 0, 0
#define SZZ RO|II|CE|ME, RO|MIL|MZ|MIH|CE, RO|BI|MC|MIL|MIH, RO|MIL|MZ|MIH|CE, RO|AI, EO|ES|EC|FI|AI|RI|MC|MIL|MIH|IC, 0, 0, 0, 0, 0, 0, 0, 0, 0, 0
#define SZB RO|II|CE|ME, RO|MIL|MZ|MIH|CE, RO|BI|MC|MIL|MIH, RO|AI|CE|ME, RO|MIH|CE, AO|MIL, RO|AI, EO|ES|EC|FI|RI|AI|MC|MIL|MIH|IC, 0, 0, 0, 0, 0, 0, 0, 0
#define SZVxxx0x RO|II|CE|ME, RO|MIL|MZ|MIH|CE, RO|BI|MC|MIL|MIH, RO|MIL|MZ|MIH|CE, RO|AI, EO|ES|EC|FI|RI, FF|BI|ME, RO|AI, EO|FI|RI|AI|MC|MIL|MIH|IC, 0, 0, 0, 0, 0, 0, 0
#define SZVxxx1x RO|II|CE|ME, RO|MIL|MZ|MIH|CE, RO|BI|MC|MIL|MIH, RO|MIL|MZ|MIH|CE, RO|AI, EO|ES|EC|FI|RI, FF|BI|ME, RO|AI, EO|EC|FI|AI|MC|MIL|MIH|IC, 0, 0, 0, 0, 0, 0, 0
#define SZWxxx0x RO|II|CE|ME, RO|MIL|MZ|MIH|CE, RO|BI|MC|MIL|MIH, RO|AI|CE|ME, RO|MIH|CE, AO|MIL, RO|AI, EO|ES|EC|FI|RI, FF|BI|ME, RO|AI, EO|FI|RI|AI|MC|MIL|MIH|IC, 0, 0, 0, 0, 0
#define SZWxxx1x RO|II|CE|ME, RO|MIL|MZ|MIH|CE, RO|BI|MC|MIL|MIH, RO|AI|CE|ME, RO|MIH|CE, AO|MIL, RO|AI, EO|ES|EC|FI|RI, FF|BI|ME, RO|AI, EO|EC|FI|AI|MC|MIL|MIH|IC, 0, 0, 0, 0, 0
#define SZQxxx0x RO|II|CE|ME, RO|MIL|MZ|MIH|CE, RO|BI|MC|MIL|MIH, RO|MIL|MZ|MIH|CE, RO|AI, EO|ES|EC|FI|RI|ME, FF|BI, RO|AI, EO|FI|RI|ME, RO|AI, EO|FI|RI|ME, RO|AI, EO|RI|MC|MIL|MIH|IC, 0, 0, 0
#define SZQxxx1x RO|II|CE|ME, RO|MIL|MZ|MIH|CE, RO|BI|MC|MIL|MIH, RO|MIL|MZ|MIH|CE, RO|AI, EO|ES|EC|FI|RI|ME, FF|MC|MIL|MIH|IC, 0, 0, FF|MC|MIL|MIH|IC, 0, FF|MC|MIL|MIH|IC, 0, 0, 0, 0
#define SZLxxx0x RO|II|CE|ME, RO|MIL|MZ|MIH|CE, RO|BI|MC|MIL|MIH, RO|AI|CE|ME, RO|MIH|CE, AO|MIL, RO|AI, EO|ES|EC|FI|RI|ME, FF|BI, RO|AI, EO|FI|RI|ME, RO|AI, EO|FI|RI|ME, RO|AI, EO|RI|MC|MIL|MIH|IC, 0
#define SZLxxx1x RO|II|CE|ME, RO|MIL|MZ|MIH|CE, RO|BI|MC|MIL|MIH, RO|AI|CE|ME, RO|MIH|CE, AO|MIL, RO|AI, EO|ES|EC|FI|RI|ME, FF|MC|MIL|MIH|IC, 0, 0, FF|MC|MIL|MIH|IC, 0, FF|MC|MIL|MIH|IC, 0, 0
#define SBZ RO|II|CE|ME, RO|BI|CE|ME, RO|MIH|CE, BO|MIL, RO|BI|MC|MIL|MIH, RO|MIL|MZ|MIH|CE, RO|AI, EO|ES|EC|FI|AI|RI|MC|MIL|MIH|IC, 0, 0, 0, 0, 0, 0, 0, 0
#define SBB RO|II|CE|ME, RO|BI|CE|ME, RO|MIH|CE, BO|MIL, RO|BI|MC|MIL|MIH, RO|AI|CE|ME, RO|MIH|CE, AO|MIL, RO|AI, EO|ES|EC|FI|RI|AI|MC|MIL|MIH|IC, 0, 0, 0, 0, 0, 0
#define SBVxxx0x RO|II|CE|ME, RO|BI|CE|ME, RO|MIH|CE, BO|MIL, RO|BI|MC|MIL|MIH, RO|MIL|MZ|MIH|CE, RO|AI, EO|ES|EC|FI|RI, FF|BI|ME, RO|AI, EO|FI|RI|AI|MC|MIL|MIH|IC, 0, 0, 0, 0, 0
#define SBVxxx1x RO|II|CE|ME, RO|BI|CE|ME, RO|MIH|CE, BO|MIL, RO|BI|MC|MIL|MIH, RO|MIL|MZ|MIH|CE, RO|AI, EO|ES|EC|FI|RI, FF|BI|ME, RO|AI, EO|EC|FI|AI|MC|MIL|MIH|IC, 0, 0, 0, 0, 0
#define SBWxxx0x RO|II|CE|ME, RO|BI|CE|ME, RO|MIH|CE, BO|MIL, RO|BI|MC|MIL|MIH, RO|AI|CE|ME, RO|MIH|CE, AO|MIL, RO|AI, EO|ES|EC|FI|RI, FF|BI|ME, RO|AI, EO|FI|RI|AI|MC|MIL|MIH|IC, 0, 0, 0
#define SBWxxx1x RO|II|CE|ME, RO|BI|CE|ME, RO|MIH|CE, BO|MIL, RO|BI|MC|MIL|MIH, RO|AI|CE|ME, RO|MIH|CE, AO|MIL, RO|AI, EO|ES|EC|FI|RI, FF|BI|ME, RO|AI, EO|EC|FI|AI|MC|MIL|MIH|IC, 0, 0, 0
#define SBQxxx0x RO|II|CE|ME, RO|BI|CE|ME, RO|MIH|CE, BO|MIL, RO|BI|MC|MIL|MIH, RO|MIL|MZ|MIH|CE, RO|AI, EO|ES|EC|FI|RI|ME, FF|BI, RO|AI, EO|FI|RI|ME, RO|AI, EO|FI|RI|ME, RO|AI, EO|RI|MC|MIL|MIH|IC, 0
#define SBQxxx1x RO|II|CE|ME, RO|BI|CE|ME, RO|MIH|CE, BO|MIL, RO|BI|MC|MIL|MIH, RO|MIL|MZ|MIH|CE, RO|AI, EO|ES|EC|FI|RI|ME, FF|MC|MIL|MIH|IC, 0, 0, FF|MC|MIL|MIH|IC, 0, FF|MC|MIL|MIH|IC, 0, 0
#define SVVxxx0x RO|II|CE|ME, RO|MIL|MZ|MIH, RO|BI|MC|MIL|MIH, FF|ME, RO|MIL|MZ|MIH, RO|AI, EO|ES|EC|FI|RI|MC|MIL|MIH, RO|MIL|MZ|MIH|CE, FF|ME, RO|BI|MC|MIL|MIH, RO|MIL|MZ|MIH|CE, FF|ME, RO|AI, EO|ES|FI|AI|RI|MC|MIL|MIH|IC, 0, 0
#define SVVxxx1x RO|II|CE|ME, RO|MIL|MZ|MIH, RO|BI|MC|MIL|MIH, FF|ME, RO|MIL|MZ|MIH, RO|AI, EO|ES|EC|FI|RI|MC|MIL|MIH, RO|MIL|MZ|MIH|CE, FF|ME, RO|BI|MC|MIL|MIH, RO|MIL|MZ|MIH|CE, FF|ME, RO|AI, EO|ES|EC|FI|AI|RI|MC|MIL|MIH|IC, 0, 0
#define CPI RO|II|CE|ME, RO|BI|CE|ME, EO|ES|EC|FI|IC, 0, 0, 0, 0, 0, 0, 0, 0, 0, 0, 0, 0, 0
#define CPZ RO|II|CE|ME, RO|MIL|MZ|MIH|CE, RO|BI, EO|ES|EC|FI|MC|MIL|MIH|IC, 0, 0, 0, 0, 0, 0, 0, 0, 0, 0, 0, 0
#define CPB RO|II|CE|ME, RO|BI|CE|ME, RO|MIH|CE, BO|MIL, RO|BI, EO|ES|EC|FI|MC|MIL|MIH|IC, 0, 0, 0, 0, 0, 0, 0, 0, 0, 0
#define CPT RO|II|CE|ME, RO|MIL|MZ|MIH|CE, RO|BI|ME, RO|MIH, BO|MIL, RO|BI, EO|ES|EC|FI|MC|MIL|MIH|IC, 0, 0, 0, 0, 0, 0, 0, 0, 0
#define CPR RO|II|CE|ME, RO|BI|CE|ME, RO|MIH|CE, BO|MIL, RO|BI|ME, RO|MIH, BO|MIL, RO|BI, EO|ES|EC|FI|MC|MIL|MIH|IC, 0, 0, 0, 0, 0, 0, 0
#define CIZ RO|II|CE|ME, RO|BI|CE|ME, RO|MIL|MZ|MIH|CE, RO|AI, EO|ES|EC|FI|AI|MC|MIL|MIH|IC, 0, 0, 0, 0, 0, 0, 0, 0, 0, 0, 0
#define CIB RO|II|CE|ME, RO|BI|CE|ME, RO|AI|CE|ME, RO|MIH|CE, AO|MIL, RO|AI, EO|ES|EC|FI|AI|MC|MIL|MIH|IC, 0, 0, 0, 0, 0, 0, 0, 0, 0
#define CIT RO|II|CE|ME, RO|BI|CE|ME, RO|MIL|MZ|MIH|CE, RO|AI|ME, RO|MIH, AO|MIL, RO|AI, EO|ES|EC|FI|AI|MC|MIL|MIH|IC, 0, 0, 0, 0, 0, 0, 0, 0
#define CIR RO|II|CE|ME, RO|BI|CE|ME, RO|AI|CE|ME, RO|MIH|CE, AO|MIL, RO|AI|ME, RO|MIH, AO|MIL, RO|AI, EO|ES|EC|FI|AI|MC|MIL|MIH|IC, 0, 0, 0, 0, 0, 0
#define CZZ RO|II|CE|ME, RO|MIL|MZ|MIH|CE, RO|BI|MC|MIL|MIH, RO|MIL|MZ|MIH|CE, RO|AI, EO|ES|EC|FI|AI|MC|MIL|MIH|IC, 0, 0, 0, 0, 0, 0, 0, 0, 0, 0
#define CZB RO|II|CE|ME, RO|MIL|MZ|MIH|CE, RO|BI|MC|MIL|MIH, RO|AI|CE|ME, RO|MIH|CE, AO|MIL, RO|AI, EO|ES|EC|FI|AI|MC|MIL|MIH|IC, 0, 0, 0, 0, 0, 0, 0, 0
#define CBZ RO|II|CE|ME, RO|BI|CE|ME, RO|MIH|CE, BO|MIL, RO|BI|MC|MIL|MIH, RO|MIL|MZ|MIH|CE, RO|AI, EO|ES|EC|FI|AI|MC|MIL|MIH|IC, 0, 0, 0, 0, 0, 0, 0, 0
#define CBB RO|II|CE|ME, RO|BI|CE|ME, RO|MIH|CE, BO|MIL, RO|BI|MC|MIL|MIH, RO|AI|CE|ME, RO|MIH|CE, AO|MIL, RO|AI, EO|ES|EC|FI|AI|MC|MIL|MIH|IC, 0, 0, 0, 0, 0, 0
#define ACIxxx0x RO|II|CE|ME, RO|BI|CE|ME, EO|FI|AI|IC, 0, 0, 0, 0, 0, 0, 0, 0, 0, 0, 0, 0, 0
#define ACIxxx1x RO|II|CE|ME, RO|BI|CE|ME, EO|EC|FI|AI|IC, 0, 0, 0, 0, 0, 0, 0, 0, 0, 0, 0, 0, 0
#define ACZxxx0x RO|II|CE|ME, RO|MIL|MZ|MIH|CE, RO|BI, EO|FI|AI|MC|MIL|MIH|IC, 0, 0, 0, 0, 0, 0, 0, 0, 0, 0, 0, 0
#define ACZxxx1x RO|II|CE|ME, RO|MIL|MZ|MIH|CE, RO|BI, EO|EC|FI|AI|MC|MIL|MIH|IC, 0, 0, 0, 0, 0, 0, 0, 0, 0, 0, 0, 0
#define ACBxxx0x RO|II|CE|ME, RO|BI|CE|ME, RO|MIH|CE, BO|MIL, RO|BI, EO|FI|AI|MC|MIL|MIH|IC, 0, 0, 0, 0, 0, 0, 0, 0, 0, 0
#define ACBxxx1x RO|II|CE|ME, RO|BI|CE|ME, RO|MIH|CE, BO|MIL, RO|BI, EO|EC|FI|AI|MC|MIL|MIH|IC, 0, 0, 0, 0, 0, 0, 0, 0, 0, 0
#define AC_Zxxx0x RO|II|CE|ME, RO|MIL|MZ|MIH|CE, RO|BI, EO|FI|RI|AI|MC|MIL|MIH|IC, 0, 0, 0, 0, 0, 0, 0, 0, 0, 0, 0, 0
#define AC_Zxxx1x RO|II|CE|ME, RO|MIL|MZ|MIH|CE, RO|BI, EO|EC|FI|RI|AI|MC|MIL|MIH|IC, 0, 0, 0, 0, 0, 0, 0, 0, 0, 0, 0, 0
#define AC_Bxxx0x RO|II|CE|ME, RO|BI|CE|ME, RO|MIH|CE, BO|MIL, RO|BI, EO|FI|RI|AI|MC|MIL|MIH|IC, 0, 0, 0, 0, 0, 0, 0, 0, 0, 0
#define AC_Bxxx1x RO|II|CE|ME, RO|BI|CE|ME, RO|MIH|CE, BO|MIL, RO|BI, EO|EC|FI|RI|AI|MC|MIL|MIH|IC, 0, 0, 0, 0, 0, 0, 0, 0, 0, 0
#define ACVxxx0x RO|II|CE|ME, RO|MIL|MZ|MIH|CE, RO|BI, EO|FI|RI, FF|BI|ME, RO|AI, EO|ES|FI|AI|MC|MIL|MIH|IC, 0, 0, 0, 0, 0, 0, 0, 0, 0
#define ACVxxx1x RO|II|CE|ME, RO|MIL|MZ|MIH|CE, RO|BI, EO|EC|FI|RI, FF|BI|ME, RO|AI, EO|ES|EC|FI|RI|AI|MC|MIL|MIH|IC, 0, 0, 0, 0, 0, 0, 0, 0, 0
#define ACWxxx0x RO|II|CE|ME, RO|BI|CE|ME, RO|MIH|CE, BO|MIL, RO|BI, EO|FI|RI, FF|BI|ME, RO|AI, EO|ES|FI|AI|MC|MIL|MIH|IC, 0, 0, 0, 0, 0, 0, 0
#define ACWxxx1x RO|II|CE|ME, RO|BI|CE|ME, RO|MIH|CE, BO|MIL, RO|BI, EO|EC|FI|RI, FF|BI|ME, RO|AI, EO|ES|EC|FI|RI|AI|MC|MIL|MIH|IC, 0, 0, 0, 0, 0, 0, 0
#define SCIxxx0x RO|II|CE|ME, RO|BI|CE|ME, EO|ES|FI|AI|IC, 0, 0, 0, 0, 0, 0, 0, 0, 0, 0, 0, 0, 0
#define SCIxxx1x RO|II|CE|ME, RO|BI|CE|ME, EO|ES|EC|FI|AI|IC, 0, 0, 0, 0, 0, 0, 0, 0, 0, 0, 0, 0, 0
#define SCZxxx0x RO|II|CE|ME, RO|MIL|MZ|MIH|CE, RO|BI, EO|ES|FI|AI|MC|MIL|MIH|IC, 0, 0, 0, 0, 0, 0, 0, 0, 0, 0, 0, 0
#define SCZxxx1x RO|II|CE|ME, RO|MIL|MZ|MIH|CE, RO|BI, EO|ES|EC|FI|AI|MC|MIL|MIH|IC, 0, 0, 0, 0, 0, 0, 0, 0, 0, 0, 0, 0
#define SCBxxx0x RO|II|CE|ME, RO|BI|CE|ME, RO|MIH|CE, BO|MIL, RO|BI, EO|ES|FI|AI|MC|MIL|MIH|IC, 0, 0, 0, 0, 0, 0, 0, 0, 0, 0
#define SCBxxx1x RO|II|CE|ME, RO|BI|CE|ME, RO|MIH|CE, BO|MIL, RO|BI, EO|ES|EC|FI|AI|MC|MIL|MIH|IC, 0, 0, 0, 0, 0, 0, 0, 0, 0, 0
#define SC_Zxxx0x RO|II|CE|ME, RO|MIL|MZ|MIH|CE, AO|BI, RO|AI, EO|ES|FI|RI|AI|MC|MIL|MIH|IC, 0, 0, 0, 0, 0, 0, 0, 0, 0, 0, 0
#define SC_Zxxx1x RO|II|CE|ME, RO|MIL|MZ|MIH|CE, AO|BI, RO|AI, EO|ES|EC|FI|RI|AI|MC|MIL|MIH|IC, 0, 0, 0, 0, 0, 0, 0, 0, 0, 0, 0
#define SC_Bxxx0x RO|II|CE|ME, RO|BI|CE|ME, RO|MIH|CE, BO|MIL, AO|BI, RO|AI, EO|ES|FI|RI|AI|MC|MIL|MIH|IC, 0, 0, 0, 0, 0, 0, 0, 0, 0
#define SC_Bxxx1x RO|II|CE|ME, RO|BI|CE|ME, RO|MIH|CE, BO|MIL, AO|BI, RO|AI, EO|ES|EC|FI|RI|AI|MC|MIL|MIH|IC, 0, 0, 0, 0, 0, 0, 0, 0, 0
#define SCVxxx0x RO|II|CE|ME, RO|MIL|MZ|MIH|CE, AO|BI, RO|AI, EO|ES|FI|RI, FF|BI|ME, RO|AI, EO|FI|RI|AI|MC|MIL|MIH|IC, 0, 0, 0, 0, 0, 0, 0, 0
#define SCVxxx1x RO|II|CE|ME, RO|MIL|MZ|MIH|CE, AO|BI, RO|AI, EO|ES|EC|FI|RI, FF|BI|ME, RO|AI, EO|EC|FI|AI|MC|MIL|MIH|IC, 0, 0, 0, 0, 0, 0, 0, 0
#define SCWxxx0x RO|II|CE|ME, RO|BI|CE|ME, RO|MIH|CE, BO|MIL, AO|BI, RO|AI, EO|ES|FI|RI, FF|BI|ME, RO|AI, EO|FI|RI|AI|MC|MIL|MIH|IC, 0, 0, 0, 0, 0, 0
#define SCWxxx1x RO|II|CE|ME, RO|BI|CE|ME, RO|MIH|CE, BO|MIL, AO|BI, RO|AI, EO|ES|EC|FI|RI, FF|BI|ME, RO|AI, EO|EC|FI|AI|MC|MIL|MIH|IC, 0, 0, 0, 0, 0, 0
#define OFF RO|II|CE|ME, FF|NI|IC, 0, 0, 0, 0, 0, 0, 0, 0, 0, 0, 0, 0, 0, 0
